Country Name,"Country Code","Series Name","Series Code","2010","2011","2012","2013","2014","2015","2016","2017","2018","2019"
Afghanistan,"AFG","GNI (current US$)","NY.GNP.MKTP.CD","15884609986.5283","17785698870.9887","19938663918.9461","20216694880.4724","20494754799.9192","19307190568.0691","18297097175.3722","19000254382.5096","18240838101.739","19098305631.2786"
Albania,"ALB","GNI (current US$)","NY.GNP.MKTP.CD","11807765688.1544","12894104016.2227","12228065466.1217","12996539294.3261","13349419700.4171","11521808375.0854","12053832974.203","13051480688.4971","15137993151.167","15198661275.1113"
Algeria,"DZA","GNI (current US$)","NY.GNP.MKTP.CD","160761621810.556","197969464434.814","206411460482.872","205600314482.842","208874396554.934","161667252615.417","158474001558.801","167558973804.439","170507068128.837","167568133680.09"
American Samoa,"ASM","GNI (current US$)","NY.GNP.MKTP.CD","NA","NA","NA","NA","NA","NA","NA","NA","NA","NA"
Andorra,"AND","GNI (current US$)","NY.GNP.MKTP.CD","NA","NA","NA","NA","NA","NA","NA","NA","NA","NA"
Angola,"AGO","GNI (current US$)","NY.GNP.MKTP.CD","75712633817.0538","102092364937.169","117631104835.128","126809806035.747","136862298383.356","110286109906.073","95850167792.3992","114618206700.981","93523683283.3905","81900890781.2989"
Antigua and Barbuda,"ATG","GNI (current US$)","NY.GNP.MKTP.CD","1120979666.66667","1102571925.92593","1160321814.81481","1142788111.11111","1188978481.48148","1252478555.55556","1339483000","1389228037.03704","1527993259.25926","1581477851.85185"
Argentina,"ARG","GNI (current US$)","NY.GNP.MKTP.CD","409079888900.219","515090214471.667","532228535071.924","538860312670.019","514705826245.374","583505276663.537","545329417130.815","627251051857.487","506152916906.923","434037404777.55"
Armenia,"ARM","GNI (current US$)","NY.GNP.MKTP.CD","9718566137.71057","10502184909.0834","11042356185.4721","11804012824.1465","12131728948.9464","10981745196.8255","10791285342.4912","11932816382.7474","12658312508.8118","13798304656.5004"
Aruba,"ABW","GNI (current US$)","NY.GNP.MKTP.CD","2250223463.68715","2302793296.08939","2418547486.03352","2563268715.0838","2688000000","2838156424.58101","2848441340.78212","2921759553.07263","2991584752.18033","NA"
Australia,"AUS","GNI (current US$)","NY.GNP.MKTP.CD","1103064388267.42","1341845607808.34","1499484429779.34","1537134502923.98","1429194895804.65","1323095931441.88","1178298151113.7","1290877140055.81","1383829935663.9","1347404520097.27"
Austria,"AUT","GNI (current US$)","NY.GNP.MKTP.CD","395170908981.876","432573889519.503","409838651404.764","431228759906.245","442578740324.175","378058128962.087","395538833552.533","412327657599.266","450492610615.287","443403031107.45"
Azerbaijan,"AZE","GNI (current US$)","NY.GNP.MKTP.CD","49741091452.7785","61439913891.3512","65739180244.3992","70475971956.6603","73087339028.433","51377317977.7474","35591903239.9574","39320590285.8471","44853529411.7647","46318529411.7647"
"Bahamas, The","BHS","GNI (current US$)","NY.GNP.MKTP.CD","9888260000","9882330000","10441120000","10197010000","10706740000","11395780000","11436580000","11814220000","12002740000","12542250000"
Bahrain,"BHR","GNI (current US$)","NY.GNP.MKTP.CD","23340257978.7234","25012234042.5532","29741912500","31343603989.3617","31755112765.9574","29314738297.8723","30439494680.8511","33484122340.4255","35726063829.7872","36391941489.3617"
Bangladesh,"BGD","GNI (current US$)","NY.GNP.MKTP.CD","124617096900.553","138823234444.331","144641656947.692","162054146628.501","184407434331.997","207742686491.099","234168452310.22","260441066628.246","286535935296.739","316091572929.41"
Barbados,"BRB","GNI (current US$)","NY.GNP.MKTP.CD","4418050350","4357353600","4437596600","4482400550","4499058650","4502057650","4608564150","4754253200","4856103100","5030074650"
Belarus,"BLR","GNI (current US$)","NY.GNP.MKTP.CD","56060043303.1219","61075328643.2161","64214746191.6757","72875749774.7748","76449469287.9499","54062079115.9111","45472290912.7463","52670933084.9247","57861414899.8822","62499323071.0393"
Belgium,"BEL","GNI (current US$)","NY.GNP.MKTP.CD","488333574084.956","523481684620.602","507695038585.313","534493384270.569","545897069014.275","468690289764.047","480302796401.782","506120470178.365","547814643654.799","540431916980.391"
Belize,"BLZ","GNI (current US$)","NY.GNP.MKTP.CD","1238677850","1363597903.23406","1402697506.07849","1460211253.00514","1529535060.96064","1626250991.46912","1678504087.78561","1733329676.71857","1759649786.96407","1819068540.6134"
Benin,"BEN","GNI (current US$)","NY.GNP.MKTP.CD","9481808905.23597","10677800294.7913","11074624287.2725","12448829094.0102","13223294116.3604","11295642491.5136","11718307251.9058","12561416657.8261","14105967001.3224","14248202200.5049"
Bermuda,"BMU","GNI (current US$)","NY.GNP.MKTP.CD","6780700000","6474269000","6661617000","6764352000","6657829000","6893729000","7095783000","7435279000","7459240000","7587978000"
Bhutan,"BTN","GNI (current US$)","NY.GNP.MKTP.CD","1460010353.01733","1663196387.4396","1639170542.24398","1632780314.27801","1772100521.87876","1860822550.85196","1973485495.26529","2237541686.62932","2226677925.70497","2306109175.90524"
Bolivia,"BOL","GNI (current US$)","NY.GNP.MKTP.CD","18760697228.2244","22977277527.4672","25455219537.8544","28751567780.9631","31298228310.567","31873100511.8803","33320230250.4007","36398995788.5509","39311992849.0058","40048420224.9174"
Bosnia and Herzegovina,"BIH","GNI (current US$)","NY.GNP.MKTP.CD","17456458996.4109","18794698983.5809","17355835686.6093","18414348534.202","18712679782.9037","16330393736.5256","16937251131.2217","17927361567.2717","20057362292.6094","20189076808.6081"
Botswana,"BWA","GNI (current US$)","NY.GNP.MKTP.CD","12147305773.0805","15016122766.225","14164609541.2604","14251172463.0606","15756351867.7377","13849323723.9609","15264622243.4227","16287018961.285","16971803921.5686","16533279409.4404"
Brazil,"BRA","GNI (current US$)","NY.GNP.MKTP.CD","2140606612822.76","2548929316459.11","2403719887833.94","2438459112627.54","2410277002766.78","1768299908799.19","1757596906008.68","2024937157759.68","1863630803617.06","1827526207376.14"
British Virgin Islands,"VGB","GNI (current US$)","NY.GNP.MKTP.CD","NA","NA","NA","NA","NA","NA","NA","NA","NA","NA"
Brunei Darussalam,"BRN","GNI (current US$)","NY.GNP.MKTP.CD","13606894022.7356","18026870180.4595","18590749039.6927","17893222506.3939","17082872928.1768","13580987708.197","12235956707.4495","12848520530.0891","13651197271.8511","13830513707.6675"
Bulgaria,"BGR","GNI (current US$)","NY.GNP.MKTP.CD","49627734533.6402","55873847138.2865","53578705650.4599","54582545466.8838","56590366978.7003","49201494559.0569","52276668552.0362","57866861423.221","64214009656.0048","66968982827.7046"
Burkina Faso,"BFA","GNI (current US$)","NY.GNP.MKTP.CD","9807542028.87947","11592645414.5434","12243495998.7762","13080708252.0415","13337501703.1647","11293125626.5734","12261728542.5585","13577335799.2769","15387935651.7684","15326472487.9717"
Burundi,"BDI","GNI (current US$)","NY.GNP.MKTP.CD","2021328812.72312","2218375410.85042","2326791660.28888","2453425870.69514","2698994566.90227","3102740807.08657","2732027292.17522","2744021929.47435","2673857144.9271","2637727944.22381"
Cabo Verde,"CPV","GNI (current US$)","NY.GNP.MKTP.CD","1591147121.9859","1792779485.57524","1667229959.80028","1785866825.96527","1767262553.51691","1537742030.29208","1603557429.27734","1707314517.29066","1919741428.16616","1938894076.0565"
Cambodia,"KHM","GNI (current US$)","NY.GNP.MKTP.CD","10727606651.3343","12229474121.1778","13324765051.9712","14575360631.4731","15825602128.3715","16944761320.3368","18788293249.7557","20800209502.6391","22915193840.1748","25525556830.0006"
Cameroon,"CMR","GNI (current US$)","NY.GNP.MKTP.CD","27243247447.2725","30327345839.542","29709679445.3423","33109063702.218","36096675699.9846","31773333574.251","33255787660.4609","35437229950.1582","39233893813.3556","38827845867.3758"
Canada,"CAN","GNI (current US$)","NY.GNP.MKTP.CD","1585379875651.19","1759453773319.65","1795919869603.49","1818471075757.13","1776572160702.32","1532663548013.94","1509327936731.45","1628291572163.23","1692778505552.34","1719248124234.35"
Cayman Islands,"CYM","GNI (current US$)","NY.GNP.MKTP.CD","3934273850.95404","4044360134.40538","2905095163.80655","2646160086.40346","2632477259.09036","2793106444.25777","2950833553.34213","3460583223.32893","3852947437.89752","4493181807.27229"
Central African Republic,"CAF","GNI (current US$)","NY.GNP.MKTP.CD","2152234701.16774","2447711151.39652","2521348254.44324","1706709151.81952","1914517016.76107","1716880210.25294","1847781813.23295","2177935400.05043","2386745257.73409","2386023521.66114"
Chad,"TCD","GNI (current US$)","NY.GNP.MKTP.CD","10312399364.7461","11856128211.9459","12067690556.3598","12362322220.9534","13336602010.745","10618477273.031","9911697594.4878","9869508954.25817","11075017680.0106","11140998595.3498"
Channel Islands,"CHI","GNI (current US$)","NY.GNP.MKTP.CD","NA","NA","NA","NA","NA","NA","NA","NA","NA","NA"
Chile,"CHL","GNI (current US$)","NY.GNP.MKTP.CD","203115009358.564","236993114783.813","254520086414.553","264303336057.959","250558977521.1","236571157262.36","242625289389.278","265577078059.435","284105303708.788","269285900902.038"
China,"CHN","GNI (current US$)","NY.GNP.MKTP.CD","6061091977327.45","7481123496788.67","8512412397984.89","9492579024339.07","10488982516424.1","11008770774789.2","11177576943336.6","12294278570160.4","13833789298669.9","14239928203346.7"
Colombia,"COL","GNI (current US$)","NY.GNP.MKTP.CD","276075209462.956","320620818937.099","356796963029.411","368706346309.552","369869131538.365","289391125632.043","279780272017.32","306181550715.112","325596541466.94","315868086615.601"
Comoros,"COM","GNI (current US$)","NY.GNP.MKTP.CD","907127359.33076","1022301332.77123","1014150701.47","1116441521.5832","1151100250.86547","969881517.913041","1018190400.7207","1083389247.02739","1185350497.66578","1170987117.00709"
"Congo, Dem. Rep.","COD","GNI (current US$)","NY.GNP.MKTP.CD","20654939478.4381","24543304631.7023","27710051937.9617","29868627089.0428","32869069198.0978","35126776382.8788","36345365361.454","36945659017.8937","45864379412.0085","48961722123.0809"
"Congo, Rep.","COG","GNI (current US$)","NY.GNP.MKTP.CD","12209624109.3368","14071222747.3006","16737430784.7713","17542377946.6692","18151594242.4377","11819665613.6115","9825311857.35545","9532272772.09275","11650026556.8568","10017208118.1664"
Costa Rica,"CRI","GNI (current US$)","NY.GNP.MKTP.CD","36449992582.265","41322448324.2233","45751072762.8359","49093858935.0933","49869412966.9739","54026902501.7369","56365192136.0522","57352914875.2432","59042758879.5319","60210176461.764"
Cote d'Ivoire,"CIV","GNI (current US$)","NY.GNP.MKTP.CD","23995589514.0668","24425276236.7888","25926661657.2942","29861784272.1476","34454180221.7405","44807384562.9239","46887633191.4514","50051967022.8553","55809155337.1927","56975603680.0811"
Croatia,"HRV","GNI (current US$)","NY.GNP.MKTP.CD","58388135336.3191","61129319478.2783","55274204473.4011","57717108743.5506","57124036614.1144","49853588711.8938","50752030687.4358","55400508645.1301","61350206791.5881","61323651128.3134"
Cuba,"CUB","GNI (current US$)","NY.GNP.MKTP.CD","62896000000","67926000000","72146000000","76226000000","79602100000","86014000000","90086000000","95497000000","98575000000","NA"
Curacao,"CUW","GNI (current US$)","NY.GNP.MKTP.CD","NA","3025347670.43083","3168224600.67135","3193945792.27961","3227121116.21626","3243793436.39987","3200204155.81337","3226134517.58645","3232779546.23907","3234089147.07112"
Cyprus,"CYP","GNI (current US$)","NY.GNP.MKTP.CD","25365001988.5987","28291559020.0445","24805330849.2869","23618497808.4739","22538678092.2014","19712840341.7286","20118149214.0801","22199072525.9828","24607344119.0364","24544867345.7965"
Czech Republic,"CZE","GNI (current US$)","NY.GNP.MKTP.CD","193418140405.535","211036199499.884","195428016856.085","198239568740.499","194987353968.445","175136907363.179","183030984148.2","206250524034.28","235280883881.285","237234462383.761"
Denmark,"DNK","GNI (current US$)","NY.GNP.MKTP.CD","327262172001.618","351257091701.648","334536414976.473","354463589494.156","365833620392.697","311964189253.733","320812594566.814","339391058127.817","366754681199.451","357603732015.179"
Djibouti,"DJI","GNI (current US$)","NY.GNP.MKTP.CD","1145970369.28669","1247888544.40387","1381266141.87406","2014984773.88716","2191027402.50167","2403270167.84736","2523555336.73567","2624779619.74105","2870628711.29467","3230771827.75249"
Dominica,"DMA","GNI (current US$)","NY.GNP.MKTP.CD","484385185.185185","490477777.777778","476466666.666667","478788888.888889","555392592.592593","519255555.555556","559429629.62963","508659259.259259","551940740.740741","601649000"
Dominican Republic,"DOM","GNI (current US$)","NY.GNP.MKTP.CD","51932177372.8793","55774581987.3135","58281926478.1805","59708978487.6","63931917485.0803","68227916795.2404","72450765680.2216","76203984074.6912","81863297764.0881","84871455782.1538"
Ecuador,"ECU","GNI (current US$)","NY.GNP.MKTP.CD","68569173000","78067843000","86587424000","93662124000","100144291000","97501257000","98028639000","101858207000","104605438000","104934502000"
"Egypt, Arab Rep.","EGY","GNI (current US$)","NY.GNP.MKTP.CD","214618966061.706","229940172977.625","272637266666.667","281027708527.132","298332708895.265","323665676819.407","327970017791.411","231165195652.174","243433399437.254","292071265603.645"
El Salvador,"SLV","GNI (current US$)","NY.GNP.MKTP.CD","17909710000","19665540000","20515590000","21000760000","21558030000","22346390000","22945050000","23591570000","24550760000","25559270000"
Equatorial Guinea,"GNQ","GNI (current US$)","NY.GNP.MKTP.CD","9578455859.0232","13819219556.27","14844232058.9824","15003861974.6298","14796386739.5044","9945017697.99731","8709938326.77619","8983531116.62288","10026980379.1012","8329916823.55915"
Eritrea,"ERI","GNI (current US$)","NY.GNP.MKTP.CD","1569887473.17073","2041455160.97561","NA","NA","NA","NA","NA","NA","NA","NA"
Estonia,"EST","GNI (current US$)","NY.GNP.MKTP.CD","18635314311.9741","22210861628.9901","22237623396.3398","24663444923.3427","26016585293.3131","22543889502.3005","23719542899.4187","26237511453.7214","30019486699.9738","30759017473.7254"
Eswatini,"SWZ","GNI (current US$)","NY.GNP.MKTP.CD","4212626973.72016","4528166007.90514","4571205992.69184","4400158993.69245","4235837856.0174","3903725441.89294","3610868072.55126","4107866513.12137","4345143352.3916","4042783038.06228"
Ethiopia,"ETH","GNI (current US$)","NY.GNP.MKTP.CD","29825574928.2445","31883271774.1935","43214529006.0852","47541429851.2713","55459432981.0434","64326834729.9906","74053937524.5784","81285191646.1807","83892033920.3775","95322999764.7411"
Faroe Islands,"FRO","GNI (current US$)","NY.GNP.MKTP.CD","2350669440.4438","2626036098.12431","2492533448.42469","2773943699.5887","2955634743.87528","2587761411.43596","2841496204.52486","2999379060.71575","3142352643.08111","3219884847.21264"
Fiji,"FJI","GNI (current US$)","NY.GNP.MKTP.CD","3043130949.27801","3658574057.55075","3825356332.75602","4108194688.82372","4631573805.23471","4398221920.28986","4658232109.60997","4930307029.85147","5221546227.22741","5045561192.96052"
Finland,"FIN","GNI (current US$)","NY.GNP.MKTP.CD","252404839602.935","276297419116.355","259512605054.631","272399254958.036","277244896380.481","236745830831.021","241702997200.346","255143856199.685","276687642758.328","270141513435.294"
France,"FRA","GNI (current US$)","NY.GNP.MKTP.CD","2703780741292.19","2937479068093.53","2742506164929.59","2874043166666.13","2913983592556.46","2490863059700.31","2523562336756.09","2647250199464.78","2854266879701.63","2787416524619.6"
French Polynesia,"PYF","GNI (current US$)","NY.GNP.MKTP.CD","NA","NA","NA","NA","NA","NA","NA","NA","NA","NA"
Gabon,"GAB","GNI (current US$)","NY.GNP.MKTP.CD","12484463860.0323","15711224400.8789","15456971600.9772","15890972051.6072","17256250321.3623","13188718851.3015","12934875312.3494","13985729747.5427","15754972352.1527","15511134184.7141"
"Gambia, The","GMB","GNI (current US$)","NY.GNP.MKTP.CD","1513386209.48165","1377827103.16854","1385746819.38205","1345938955.88137","1200490602.16136","1345126868.55094","1456755151.30555","1476610604.41246","1641471456.93411","1782302843.44569"
Georgia,"GEO","GNI (current US$)","NY.GNP.MKTP.CD","12026105593.8955","14681541476.4305","16316003088.4757","16872451545.0283","17397203432.0666","14615250561.8473","14440358558.3302","15447499820.6814","16915006669.0344","16699333664.5257"
Germany,"DEU","GNI (current US$)","NY.GNP.MKTP.CD","3464482469694.36","3840293076529","3611978814803.06","3819178029463.77","3961735742666.92","3432720276373.62","3553516783450.03","3769455398991.34","4103197500021.94","4014394171599.99"
Ghana,"GHA","GNI (current US$)","NY.GNP.MKTP.CD","31663124545.4545","38114303104.0379","39174956052.3864","61072600585.4446","51920119657.5295","47921089700.1023","53961581129.4695","57431697460.0621","64270236560.3123","65527306781.1554"
Gibraltar,"GIB","GNI (current US$)","NY.GNP.MKTP.CD","NA","NA","NA","NA","NA","NA","NA","NA","NA","NA"
Greece,"GRC","GNI (current US$)","NY.GNP.MKTP.CD","290269009046.961","274791195321.416","244068405104.664","238830997929.036","236671380520.976","195445621345.813","192076829352.515","198351373145.389","209609231280.344","203279410555.631"
Greenland,"GRL","GNI (current US$)","NY.GNP.MKTP.CD","NA","NA","NA","NA","NA","NA","NA","NA","NA","NA"
Grenada,"GRD","GNI (current US$)","NY.GNP.MKTP.CD","731135629.62963","746883222.222222","765599962.962963","813021518.518518","828656703.703704","880071740.740741","964617074.074074","1004054814.81481","1052901925.92593","1095541629.62963"
Guam,"GUM","GNI (current US$)","NY.GNP.MKTP.CD","NA","NA","NA","NA","NA","NA","NA","NA","NA","NA"
Guatemala,"GTM","GNI (current US$)","NY.GNP.MKTP.CD","39642735659.8575","45572811583.2199","48568960273.6928","51760538476.2244","56335293254.1838","60699783495.3232","64628417702.8645","70153026034.6494","71702090102.6705","75608515051.9054"
Guinea,"GIN","GNI (current US$)","NY.GNP.MKTP.CD","6776357857.33359","6651747173.61272","7516065253.97344","7971453845.06713","8494333615.46428","8650959121.19199","8446956121.39844","10274041360.4077","11448030336.5252","12853809258.2131"
Guinea-Bissau,"GNB","GNI (current US$)","NY.GNP.MKTP.CD","846239040.546748","1106262187.94072","994656463.155973","1026052961.77604","1092300692.46571","1073811497.97949","1208741919.75236","1352932628.34994","1453500084.16652","1470018484.03597"
Guyana,"GUY","GNI (current US$)","NY.GNP.MKTP.CD","3445692953.04713","3682055317.52178","4087056241.4152","4196342417.65347","4154314709.38129","4304537269.24939","4478082234.86683","4736697060.04843","4759901432.09477","5127126464.26858"
Haiti,"HTI","GNI (current US$)","NY.GNP.MKTP.CD","11881597691.3688","13046551847.7244","13763469544.1361","14934000885.7909","15188360079.1506","14873787396.6938","14035590263.8597","15094067852.9533","16505312917.1418","14835495479.3161"
Honduras,"HND","GNI (current US$)","NY.GNP.MKTP.CD","15005830709.9737","16653035345.4354","17127813088.8386","17077458585.1279","18041941023.0595","19413622600.0365","20056969382.8238","21570189834.6668","22019113502.4499","23014068153.9693"
"Hong Kong SAR, China","HKG","GNI (current US$)","NY.GNP.MKTP.CD","233476805848.736","255300102774.923","266426950647.207","280921093347.086","297469983621.568","315108232926.546","328901356556.691","356071446902.428","378890604069.656","381357214870.021"
Hungary,"HUN","GNI (current US$)","NY.GNP.MKTP.CD","126010007493.999","135126268931.387","123403690883.85","131785909385.547","134713617701.22","119218687406.585","125167397610.619","137346045184.016","154297812208.947","159224299869.263"
Iceland,"ISL","GNI (current US$)","NY.GNP.MKTP.CD","11120562233.1499","12847566765.7123","12884269289.7672","15287504221.781","16897076236.1288","16543802057.7224","19826589745.4317","23965940755.6076","24925636305.7046","24634234577.5015"
India,"IND","GNI (current US$)","NY.GNP.MKTP.CD","1657660320258.9","1807018710050.81","1806177662220.11","1833601556952.76","2015015376660.84","2079182325742.91","2247940124045.8","2622799774505.9","2672176417222.4","2843265469943.72"
Indonesia,"IDN","GNI (current US$)","NY.GNP.MKTP.CD","734988313962.735","868239121887.855","891961466510.843","885249528973.057","860946502042.825","832298855624.85","902045436049.031","983437954653.327","1011212624835.41","1085070037984.51"
"Iran, Islamic Rep.","IRN","GNI (current US$)","NY.GNP.MKTP.CD","486886672784.685","580809428095.791","603077505539.785","463436203434.421","433978050539.771","385924919121.268","419264513277.768","446174038804.276","295974447930.014","258443785777.363"
Iraq,"IRQ","GNI (current US$)","NY.GNP.MKTP.CD","140109922649.573","185512664444.444","219061488972.299","233577245128.645","227112056174.957","165257902945.457","165041288747.885","185776960050.676","225613469034.031","233931182233.503"
Ireland,"IRL","GNI (current US$)","NY.GNP.MKTP.CD","185645132293.908","193720824725.797","181882352293.565","200925327138.463","218340468264.203","224032083740.732","243320095866.981","265659342021.673","298071385011.19","309765793964.368"
Isle of Man,"IMN","GNI (current US$)","NY.GNP.MKTP.CD","5981738257.10754","6692278481.01266","6818331753.5545","7201580428.32578","7655555372.7168","6826965622.61268","6105729138.53632","6365148005.148","7111914609.73983","6968404391.11565"
Israel,"ISR","GNI (current US$)","NY.GNP.MKTP.CD","230313642107.797","258769884137.621","251793098761.82","288218988624.274","309066889887.295","297503926418.25","316135997205.273","353488338209.313","373366681340.338","395685778183.469"
Italy,"ITA","GNI (current US$)","NY.GNP.MKTP.CD","2129496390595.89","2286194049113.81","2084525810124.71","2137604292430.28","2159322448608.36","1823207188012.21","1881183205630.24","1967862153401.24","2114003790746.69","2026751394852.55"
Jamaica,"JAM","GNI (current US$)","NY.GNP.MKTP.CD","12725939352.7922","13926255522.2456","14607474287.266","13930633621.8188","13600815210.7775","13748957625.8145","13482121259.0431","14387841219.2444","15134770593.1878","15389268903.5729"
Japan,"JPN","GNI (current US$)","NY.GNP.MKTP.CD","5847341432190.46","6331880341636.09","6369372092738.79","5328796476996.15","5024973338035.64","4558091131571.47","5088186818824.57","5040348134891.63","5135478831382.8","5252425968544.02"
Jordan,"JOR","GNI (current US$)","NY.GNP.MKTP.CD","26919156338.0282","29259642112.6761","31246533521.1268","34115848591.5493","36430882957.7465","38154482676.0563","39587480704.2254","41202622816.9014","42732450704.2254","44510374788.7324"
Kazakhstan,"KAZ","GNI (current US$)","NY.GNP.MKTP.CD","128671748240.643","164881407971.447","179881468866.125","211486852078.365","198714472819.333","172770532148.58","123828020084.171","148657300595.704","157278694859.5","158974567110.728"
Kenya,"KEN","GNI (current US$)","NY.GNP.MKTP.CD","39852460837.1238","41961912289.9467","50187342658.6663","54496759862.9401","60579806470.9482","63195105853.1145","73804795654.1785","80527208447.0786","90811072085.7321","98946140798.1175"
Kiribati,"KIR","GNI (current US$)","NY.GNP.MKTP.CD","228607138.942962","252855230.969519","287994519.995125","304492317.970083","338116722.289975","352227425.260525","317972903.216717","358337590.149266","366978598.646085","375392118.221053"
"Korea, Dem. People's Rep.","PRK","GNI (current US$)","NY.GNP.MKTP.CD","NA","NA","NA","NA","NA","NA","NA","NA","NA","NA"
"Korea, Rep.","KOR","GNI (current US$)","NY.GNP.MKTP.CD","1145775958189.06","1260980566404.83","1291795845928.72","1379532264105.98","1491502152786.69","1470358106629.71","1505595667963.37","1630520867999.51","1731792367105.86","1665675897739.53"
Kosovo,"XKX","GNI (current US$)","NY.GNP.MKTP.CD","5432869282.77874","6496679148.1069","6361153154.31068","6897148758.13521","7225812275.80709","6398603905.46988","6765304516.27186","7324712381.38274","8012045347.18942","8079698835.64711"
Kuwait,"KWT","GNI (current US$)","NY.GNP.MKTP.CD","124840195394.278","163057246376.812","183220078599.5","187415726375.176","178270906535.488","127259222333.001","122200264812.976","139487087701.945","156516857947.02","154471896903.821"
Kyrgyz Republic,"KGZ","GNI (current US$)","NY.GNP.MKTP.CD","4489257795.72407","5538866118.81527","6435839934.47436","6912027591.91628","7159296566.33883","6417478339.98582","6455292065.54901","7331334800.41878","8020107852.52243","8091718899.60209"
Lao PDR,"LAO","GNI (current US$)","NY.GNP.MKTP.CD","6679604405.81476","8157262170.83517","9584412356.36189","11338527568.985","12693403959.542","13784825970.2668","15228402733.3689","16170189391.765","17295080421.7904","17774087075.5155"
Latvia,"LVA","GNI (current US$)","NY.GNP.MKTP.CD","24196593794.6513","27444998699.8034","27972506725.584","30136848287.9397","31385164286.9506","27124277626.5225","28024419866.7811","30332113166.1241","33854261562.7176","33795644696.8705"
Lebanon,"LBN","GNI (current US$)","NY.GNP.MKTP.CD","37935417042.3002","39687755961.2072","43831811893.0218","46618056581.9211","47617439178.915","49529998216.7173","50574504505.7233","53115571398.4129","54962134857.1216","51334973749.1079"
Lesotho,"LSO","GNI (current US$)","NY.GNP.MKTP.CD","2872100453.56431","3089102108.84447","2892666061.86069","2718881440.94847","2719621955.82666","2639110142.7239","2400945714.77138","2620773521.02102","2864843190.59385","2690392209.51801"
Liberia,"LBR","GNI (current US$)","NY.GNP.MKTP.CD","1818599900","2273155200","2529644000","2875704600","2892652000","2947075700","3117419600","3087813500","2985754800","2965834700"
Libya,"LBY","GNI (current US$)","NY.GNP.MKTP.CD","74744237448.6896","34754942002.9407","79941762542.6012","65088464260.4388","41724850675.8881","29030301187.3733","26947934407.3648","39165350121.9687","53521075531.1355","53579026897.4891"
Liechtenstein,"LIE","GNI (current US$)","NY.GNP.MKTP.CD","4285933454.78953","4532319819.81982","3807827663.4318","5110583665.98339","5373935821.87295","5162406483.79052","5985894053.17637","6748654412.51143","7054504550.56754","NA"
Lithuania,"LTU","GNI (current US$)","NY.GNP.MKTP.CD","36887284560.476","42261715400.6605","41584616578.1745","45495776757.2547","47960568992.3636","39924629523.4205","41485060525.2801","45918265065.1492","52058574717.2768","52790650850.6274"
Luxembourg,"LUX","GNI (current US$)","NY.GNP.MKTP.CD","38165807113.9425","42712275813.4382","45918147001.4972","46766342161.0422","49913448088.6978","38642437420.6596","41197846022.2456","46914943643.3989","50448167554.7902","46472073640.7842"
"Macao SAR, China","MAC","GNI (current US$)","NY.GNP.MKTP.CD","24909587363.475","31539522586.1166","36351769108.4995","42782346388.2943","46126754391.4562","40235867251.0958","40637965754.0243","44898143533.5161","48917906472.5921","48878458583.7309"
Madagascar,"MDG","GNI (current US$)","NY.GNP.MKTP.CD","9833984439.62774","11396920373.3611","11260410204.8564","12056235131.4337","12227495202.0068","10949102782.8011","11431773568.4483","12816628748.5358","13390285874.726","13596240332.1827"
Malawi,"MWI","GNI (current US$)","NY.GNP.MKTP.CD","6851157459.09771","7888424222.52109","5892688581.96912","5356898814.32123","5887200679.08414","6153437697.08038","5409917742.35555","8745233806.01077","9559761067.41132","10746261347.9049"
Malaysia,"MYS","GNI (current US$)","NY.GNP.MKTP.CD","246904163174.071","290893137254.902","302839290339.29","312494525373.703","326871887317.058","293132573294.072","292916457102.91","310122676960.283","347618894203.365","355742184671.092"
Maldives,"MDV","GNI (current US$)","NY.GNP.MKTP.CD","2276923140.625","2479687734.55691","2614022206.6021","2931312227.08844","3342253036.33195","3776960615.11229","4026225703.39137","4378592214.2068","4808561101.43722","5047935905.60395"
Mali,"MLI","GNI (current US$)","NY.GNP.MKTP.CD","10269427724.4099","12532792055.1913","11981791173.8627","12810032895.3496","13980008238.8655","12808995389.4688","13651411051.1274","14864818058.5878","16560732181.7673","16670712812.3555"
Malta,"MLT","GNI (current US$)","NY.GNP.MKTP.CD","8570974015.64364","9413122355.23385","9016278941.28228","10028090317.4392","11021117045.3036","10478412848.1083","10580009818.9232","11875770042.2174","13755810442.9265","14069074718.9006"
Marshall Islands,"MHL","GNI (current US$)","NY.GNP.MKTP.CD","195598900","209784400","208831300","221718500","228187900","248470300","263338900","274080700","282329500","294801700"
Mauritania,"MRT","GNI (current US$)","NY.GNP.MKTP.CD","5559975526.83277","6609321843.49633","6537356580.81046","7029814844.25406","6340605473.61467","5986763077.81392","6282354756.77624","6702427276.53631","7315960099.0235","7793435299.85718"
Mauritius,"MUS","GNI (current US$)","NY.GNP.MKTP.CD","9912845467.18468","11299763115.7249","12083527454.2429","13061879914.271","13796111241.7379","12684108886.4611","13229765431.7861","14572668163.1256","15879579423.8295","15787531537.6267"
Mexico,"MEX","GNI (current US$)","NY.GNP.MKTP.CD","1045220776511.55","1161743714472","1177885199589.96","1237366326260.57","1283058447244.69","1141602672778.78","1049583160881.05","1128823076215.89","1189348943427.4","1232520571232.79"
"Micronesia, Fed. Sts.","FSM","GNI (current US$)","NY.GNP.MKTP.CD","307507200","320855800","342609600","342707900","344654300","375852000","387000200","416554700","412197400","454357100"
Moldova,"MDA","GNI (current US$)","NY.GNP.MKTP.CD","7480557687.17712","8991801935.49486","9519308758.69016","10391091746.9095","10332736783.6074","8194654334.83009","8517450541.56336","10220973025.569","12007203194.6486","12594010844.8885"
Monaco,"MCO","GNI (current US$)","NY.GNP.MKTP.CD","NA","NA","NA","NA","NA","NA","NA","NA","NA","NA"
Mongolia,"MNG","GNI (current US$)","NY.GNP.MKTP.CD","6609616683.64695","9551980150.38611","11343401728.5906","11871513598.8425","11232542815.8276","10652455443.034","10260105828.9319","9872124817.21692","11943636761.3041","12634360578.4014"
Montenegro,"MNE","GNI (current US$)","NY.GNP.MKTP.CD","4114214370.93994","4581082544.54343","4156885391.23731","4551281731.27987","4648830171.15563","4141686702.89453","4412365597.34513","4944091503.26797","5569017587.34655","5604961150.91805"
Morocco,"MAR","GNI (current US$)","NY.GNP.MKTP.CD","91932709214.4656","99660564407.471","96282277131.3337","105369103563.143","107502587345.205","99244697520.5596","101325516186.592","107532707387.536","115794632488.467","117527687140.614"
Mozambique,"MOZ","GNI (current US$)","NY.GNP.MKTP.CD","10744873392.599","14126352399.2349","16275337948.0492","16915730890.4767","17514171455.7279","15650835893.2033","11676316877.6425","12825576694.2469","14550327917.6053","15088735867.0289"
Myanmar,"MMR","GNI (current US$)","NY.GNP.MKTP.CD","6570775389309.44","7897676188097.38","111298322985.194","58467007157.222","60766338422.6884","60546862891.7304","58377651356.7835","59776219878.8165","65147998557.0471","66388790330.3552"
Namibia,"NAM","GNI (current US$)","NY.GNP.MKTP.CD","10835913878.0132","12010789205.4795","12519782799.1896","12011968779.8074","12363521834.5646","11317069081.4243","10511238013.978","12661495881.2477","13176790341.4715","12189026902.6328"
Nauru,"NRU","GNI (current US$)","NY.GNP.MKTP.CD","57345283.1850612","80823720.7926649","117537533.512064","122667692.623371","127288717.525016","118229470.005824","135754840.58815","153178972.773211","166343694.287265","174653125.447003"
Nepal,"NPL","GNI (current US$)","NY.GNP.MKTP.CD","16124973167.3285","21726165703.5476","21854815283.9056","22310906824.8434","23065081227.2967","24704978151.9018","24843832218.8529","29263410536.9409","33328197839.2148","34539791622.4311"
Netherlands,"NLD","GNI (current US$)","NY.GNP.MKTP.CD","849075274671.369","916770951058.232","853386175595.292","888842645930.529","888820061813.638","765884918110.246","771984382489.971","838128421741.076","924061135417.362","913991605105.881"
New Caledonia,"NCL","GNI (current US$)","NY.GNP.MKTP.CD","NA","NA","NA","NA","NA","NA","NA","NA","NA","NA"
New Zealand,"NZL","GNI (current US$)","NY.GNP.MKTP.CD","139234529484.61","160662996074.097","168872425032.442","183381859703.57","193204670519.592","172157195209.121","182860860757.731","199194086293.365","204641221004.319","207570382936.671"
Nicaragua,"NIC","GNI (current US$)","NY.GNP.MKTP.CD","8514391699.91197","9505563241.66195","10116207345.403","10448779992.5575","11432534071.1663","12267705834.8742","12651884567.2758","13074175641.9941","12373039739.2341","12144818040.7407"
Niger,"NER","GNI (current US$)","NY.GNP.MKTP.CD","8283686239.51408","9327273319.64488","9746583206.78836","10626393682.6432","11351530351.45","10161941991.3375","10734605106.6679","11600277119.3375","13405989147.2896","13479237976.2455"
Nigeria,"NGA","GNI (current US$)","NY.GNP.MKTP.CD","342044487937.605","382505530443.445","433602575171.353","483482844447.012","528433752407.482","473995544973.347","395951113112.974","364253893587.84","378866757024","433449464744"
North Macedonia,"MKD","GNI (current US$)","NY.GNP.MKTP.CD","9276084673.89761","10307356014.361","9534175860.24727","10561397094.1022","11149665289.1761","9747426793.98096","10247930610.4066","10859369693.8654","12150992858.9386","12024670956.8458"
Northern Mariana Islands,"MNP","GNI (current US$)","NY.GNP.MKTP.CD","NA","NA","NA","NA","NA","NA","NA","NA","NA","NA"
Norway,"NOR","GNI (current US$)","NY.GNP.MKTP.CD","433407803667.448","503062006966.598","513830167597.765","528332085106.383","514173340386.141","401834328820.915","384963571428.571","413028249042.917","453416661543.191","417278863636.364"
Oman,"OMN","GNI (current US$)","NY.GNP.MKTP.CD","53331791396.9441","63734066023.0427","72005875946.1953","75320258241.3849","76400433364.2473","66172430529.9701","63374768017.6341","67417584419.1815","74510319154.4835","70189256796.0154"
Pakistan,"PAK","GNI (current US$)","NY.GNP.MKTP.CD","173883635077.065","210570413183.996","221138620829.57","227549567178.979","240405888750.807","265957131701.171","273309637737.69","299553253219.097","309130541558.339","273446605818.638"
Palau,"PLW","GNI (current US$)","NY.GNP.MKTP.CD","201656100","213211100","230547900","240525000","260028100","302277700","323893500","303597100","305978900","292047700"
Panama,"PAN","GNI (current US$)","NY.GNP.MKTP.CD","27128987581.2675","32772224301.1773","37691434384.2184","42692594004.8873","45567364365.3204","50640813775.5634","53770544466.4192","58442879412.4646","60383646744.1266","62482129503.991"
Papua New Guinea,"PNG","GNI (current US$)","NY.GNP.MKTP.CD","13182430368.1094","16272984521.299","20198065703.5899","19541616707.5072","22808959941.4967","21327883145.4992","20529201244.8133","22294230776.4676","23492325519.9636","23707267061.4308"
Paraguay,"PRY","GNI (current US$)","NY.GNP.MKTP.CD","25927250691.2786","32568075087.316","31850971774.5553","37109784638.5029","38917389088.6602","34850583192.7933","34643025809.2839","37707318407.1497","38877225540.7551","36774393698.0145"
Peru,"PER","GNI (current US$)","NY.GNP.MKTP.CD","136692860429.719","159083185069.533","180516378525.933","190810170620.674","191698485382.177","183306117321.944","183938549968.89","201299187241.221","211454999087.203","218650106373.416"
Philippines,"PHL","GNI (current US$)","NY.GNP.MKTP.CD","231747261340.687","259495562183.266","290823705324.328","317287900881.587","331766002714.257","341467125998.84","354012408635.048","364718842229.836","383817158605.734","414552151965.99"
Poland,"POL","GNI (current US$)","NY.GNP.MKTP.CD","462731403177.13","509270284865.668","479854752034.393","503416439916.472","522165477888.73","460399787770.261","454019224916.303","504663562035.298","563134258105.601","572790279731.208"
Portugal,"PRT","GNI (current US$)","NY.GNP.MKTP.CD","230312193388.906","240830699617.199","211117877240.314","223343374221.933","224898858096.53","193967447161.669","201274909983.356","215627900702.874","236279970766.318","233752871351.921"
Puerto Rico,"PRI","GNI (current US$)","NY.GNP.MKTP.CD","64294600000","65720700000","68085700000","68944900000","68797500000","69602000000","69985200000","69049500000","67739500000","70765000000"
Qatar,"QAT","GNI (current US$)","NY.GNP.MKTP.CD","112178571428.571","154504256813.187","174708777087.912","188363906703.297","196924049120.879","158174570961.538","150622841208.791","160679616730.769","179589624148.352","171961652304.466"
Romania,"ROU","GNI (current US$)","NY.GNP.MKTP.CD","164339462758.425","180991349471.889","167674303673.375","188015486643.228","199018475635.973","175860528746.536","185631839869.925","208687972658.853","237010037928.76","246310851412.256"
Russian Federation,"RUS","GNI (current US$)","NY.GNP.MKTP.CD","1477812768442.99","1985526208275.05","2140634973644.45","2212868846622.34","1991279765491.87","1325732263446.11","1241290379222.41","1532146087071.58","1616936975710.13","1633927975465.61"
Rwanda,"RWA","GNI (current US$)","NY.GNP.MKTP.CD","6069968166.66721","6823807504.99953","7547605377.28528","7683814387.07403","8052354311.73213","8376704290.67001","8452129973.71234","8961653240.62076","9292588958.06111","10007994811.0997"
Samoa,"WSM","GNI (current US$)","NY.GNP.MKTP.CD","643286540.510281","709232729.473038","733478163.453772","742578392.053175","727011141.282446","771638508.34018","780812360.048766","806114744.199917","792159814.118142","816189678.847632"
San Marino,"SMR","GNI (current US$)","NY.GNP.MKTP.CD","NA","NA","NA","NA","NA","NA","NA","NA","NA","NA"
Sao Tome and Principe,"STP","GNI (current US$)","NY.GNP.MKTP.CD","197242887.907828","232290167.960257","245986799.504461","303142986.20634","352225165.242364","315036266.285437","346448959.623705","374514126.193877","412353809.728799","425925039.684339"
Saudi Arabia,"SAU","GNI (current US$)","NY.GNP.MKTP.CD","535251242480","680922945786.667","746963457946.667","760208520746.667","772876297173.333","671549918800","660662318666.667","699284138560","794232734533.333","800866306506.667"
Senegal,"SEN","GNI (current US$)","NY.GNP.MKTP.CD","15971191680.462","17532439753.0306","17359553340.5425","18595821652.6193","19419513858.3268","17383163425.2164","18541836256.6942","20409362881.7165","22515741840.1232","22651165450.0428"
Serbia,"SRB","GNI (current US$)","NY.GNP.MKTP.CD","40943415032.2467","47354630373.0633","41894590517.8048","46509043466.9776","45280702030.3081","37816311180.63","38455319915.2752","41326457037.8874","48064081953.4994","48738891690.7998"
Seychelles,"SYC","GNI (current US$)","NY.GNP.MKTP.CD","917765251.329986","947918140.699459","1000312415.11253","1258976239.24961","1260705661.76874","1294187893.85529","1317488325.47524","1411550054.58635","1511273270.31593","1523487369.50868"
Sierra Leone,"SLE","GNI (current US$)","NY.GNP.MKTP.CD","2606465306.93455","2901403971.42245","3924034071.22903","4893437931.72398","4896148548.81612","4162054005.53585","3276983580.95652","3629620900.30429","3798493994.47027","4025178583.02057"
Singapore,"SGP","GNI (current US$)","NY.GNP.MKTP.CD","237218335166.85","269752265861.027","281965351684.404","291009669943.259","303898666245.758","286988143729.997","298598190372.783","317188138170.758","332420002965.599","329651444069.784"
Sint Maarten (Dutch part),"SXM","GNI (current US$)","NY.GNP.MKTP.CD","NA","917689385.47486","975606703.910614","1026524581.00559","1230067039.10615","1243648044.69274","1263340782.12291","1165420502.7933","1159301620.11173","NA"
Slovak Republic,"SVK","GNI (current US$)","NY.GNP.MKTP.CD","88810064650.1677","95913510958.3664","92679082635.4709","97813087559.1436","99811759472.145","86429047251.0204","87230288472.076","93432562490.0176","104118395913.529","103454568806.51"
Slovenia,"SVN","GNI (current US$)","NY.GNP.MKTP.CD","47523263224.8405","50817019569.3902","45854173714.4117","47754167866.327","49472455060.5408","41761166474.1382","43602431787.545","47595495542.2925","53331783348.5536","53358666619.5293"
Solomon Islands,"SLB","GNI (current US$)","NY.GNP.MKTP.CD","802889749.580169","976104526.366558","1133826776.60594","1288509840.15744","1320261534.35806","1282860953.61323","1335704972.44302","1454139973.87389","1554011672.41969","1553502893.41351"
Somalia,"SOM","GNI (current US$)","NY.GNP.MKTP.CD","NA","NA","NA","3860402684.75612","3932882302.51641","4019621621.40921","4168165625.49256","4476284274.84538","4686636083.33499","4906627593.99531"
South Africa,"ZAF","GNI (current US$)","NY.GNP.MKTP.CD","409233759697.864","447481650755.395","423516734077.151","391194711860.894","371745234720.224","338766618711.13","315294078694.387","370872982190.206","393553305427.727","378250733672.933"
South Sudan,"SSD","GNI (current US$)","NY.GNP.MKTP.CD","NA","8550148979.59184","11486155559.322","17413371593.2203","11954212847.4576","10522802563.6757","NA","NA","NA","NA"
Spain,"ESP","GNI (current US$)","NY.GNP.MKTP.CD","1400015982113.65","1452677233893.91","1314223832938.1","1345710208981.47","1364378484123.79","1194850875811.09","1235120146859.29","1309785190230.7","1422341105910.56","1396054121145.1"
Sri Lanka,"LKA","GNI (current US$)","NY.GNP.MKTP.CD","56108610571.8417","64641180045.801","67220575627.2952","72566139041.9078","77548357251.2325","78581801881.2442","80205348611.8104","85113502188.3101","85564980497.3259","81572699416.8785"
St. Kitts and Nevis,"KNA","GNI (current US$)","NY.GNP.MKTP.CD","730985888.888889","788113592.592593","776637629.62963","825148592.592593","848968259.259259","858366592.592592","950227666.666667","1011856814.81481","1031868074.07407","1117245111.11111"
St. Lucia,"LCA","GNI (current US$)","NY.GNP.MKTP.CD","1447190518.51852","1557140148.14815","1567433518.51852","1627002518.51852","1648197666.66667","1655146407.40741","1751494111.11111","1889999333.33333","1952702629.62963","2004342259.25926"
St. Martin (French part),"MAF","GNI (current US$)","NY.GNP.MKTP.CD","NA","NA","NA","NA","NA","NA","NA","NA","NA","NA"
St. Vincent and the Grenadines,"VCT","GNI (current US$)","NY.GNP.MKTP.CD","668947000","663187259.259259","689114185.185185","717486629.62963","697855407.407407","737180407.407407","769264185.185185","788531259.259259","809760629.62963","818224259.259259"
Sudan,"SDN","GNI (current US$)","NY.GNP.MKTP.CD","54796022310.3448","51237402657.8947","35608466700","40223884726.0274","48568747977.5281","50563738020.202","41763874766.6667","39632308795.2381","29152007752.9412","24535685745.9893"
Suriname,"SUR","GNI (current US$)","NY.GNP.MKTP.CD","4264098054.92824","4160160036.71971","4787510969.69697","5014507666.66667","5170283939.39394","5112886703.54436","3151037151.20573","3197660162.66677","3608704857.62144","3572422608.65163"
Sweden,"SWE","GNI (current US$)","NY.GNP.MKTP.CD","509281261515.021","585817912459.71","565134029822.071","600021645780.365","594247305519.704","509135748362.768","518630030590.624","550406901192.391","565955895788.543","549428014173.369"
Switzerland,"CHE","GNI (current US$)","NY.GNP.MKTP.CD","636447712902.305","728507478744.393","706067214100.794","726595205756.65","735670245641.66","710791973092.921","692675086225.84","694938810964.515","706130299456.309","705462297803.829"
Syrian Arab Republic,"SYR","GNI (current US$)","NY.GNP.MKTP.CD","236137193763.92","59970776590.0779","41132139288.8378","19468092400.756","20426236525.756","15866677353.201","11898989246.0303","15527357708.5119","20698408066.3114","21933058465.1133"
Tajikistan,"TJK","GNI (current US$)","NY.GNP.MKTP.CD","6969697168.30327","8316594095.70084","9744505076.30285","11112795516.561","11296340428.5483","9798023721.8283","8081766785.35421","8637238733.52281","8990689745.60713","9631253672.45866"
Tanzania,"TZA","GNI (current US$)","NY.GNP.MKTP.CD","31436649841.4438","34011365280.5956","39076489000.6223","44974791751.4368","49140049385.3252","46478404057.9675","48664287045.7575","52106608384.1337","56210529470.5679","61908444374.409"
Thailand,"THA","GNI (current US$)","NY.GNP.MKTP.CD","326815440403.715","361875395599.458","379342568791.401","393467063724.533","386381874272.625","380595105656.73","393948759646.876","435913381929.181","482064518325.482","524213594609.567"
Timor-Leste,"TLS","GNI (current US$)","NY.GNP.MKTP.CD","3325058468.12357","4580949263.73868","4318116322.88335","4151753075.8406","3337506840.31579","2792587886.38864","2230611664.9416","2288375327.63295","2263656283.97803","2730967258.26352"
Togo,"TGO","GNI (current US$)","NY.GNP.MKTP.CD","3405968905.66443","4106265216.27863","3879283635.90852","4346910989.80441","4621145737.3896","4321508266.66658","6075237459.78776","6400471259.52392","7131540391.55886","7242517958.52954"
Tonga,"TON","GNI (current US$)","NY.GNP.MKTP.CD","378776141.842501","426538671.469898","484573131.15818","461944457.261506","443074766.870827","441521434.820647","422778679.65368","478641664.781723","518918634.333121","553664950.041815"
Trinidad and Tobago,"TTO","GNI (current US$)","NY.GNP.MKTP.CD","21078448388.3617","22613157193.4533","23473195299.8631","25701690901.189","25892698959.2923","24530655439.5208","22083866321.7874","22556027288.1481","23010424602.7057","23034393453.0595"
Tunisia,"TUN","GNI (current US$)","NY.GNP.MKTP.CD","44139124330.8239","45962446043.3676","45406695406.9319","46622594178.4265","48567442693.1254","44440550286.4632","43177135053.2633","40934455240.8514","41206531393.9031","40087702394.9434"
Turkey,"TUR","GNI (current US$)","NY.GNP.MKTP.CD","770477397591.163","831513950567.164","873968372216.036","949165170553.63","930744474845.785","854632642426.471","860511859938.413","847903162248.842","766523975892.635","748161380327.118"
Turkmenistan,"TKM","GNI (current US$)","NY.GNP.MKTP.CD","20689157894.7368","26406333333.3333","31835210526.3158","35782543859.6491","39603210526.3158","33705628571.4286","35225885714.2857","36352285714.2857","39044183542.8571","43575785421.098"
Turks and Caicos Islands,"TCA","GNI (current US$)","NY.GNP.MKTP.CD","NA","NA","NA","NA","842531900","943771200","1035209300","1005898600","1081395300","1163227222.55515"
Tuvalu,"TUV","GNI (current US$)","NY.GNP.MKTP.CD","50918730.5081636","57742238.267148","49401532.4083661","58017281.3284418","49698846.2231837","55661783.4873413","55456437.7044306","58095263.6419375","64107890.0179319","65326451.1644074"
Uganda,"UGA","GNI (current US$)","NY.GNP.MKTP.CD","26231034731.4586","27440502269.6708","26729090816.2779","28273785412.6782","31865562566.629","31759208216.1898","28691913228.8136","30020768465.5672","32000581675.5852","34437117591"
Ukraine,"UKR","GNI (current US$)","NY.GNP.MKTP.CD","135959095720.55","161004191977.509","180603428857.465","187716627048.668","131977083631.285","94833346303.6801","94324202682.4467","113717881232.94","132164702854.727","155795067632.402"
United Arab Emirates,"ARE","GNI (current US$)","NY.GNP.MKTP.CD","289703471749.489","350801361470.388","374890129339.687","390570456092.58","403796051735.875","359877739959.156","359141729067.393","388382906439.755","423639141620.15","419284994503.153"
United Kingdom,"GBR","GNI (current US$)","NY.GNP.MKTP.CD","2492137629336.72","2684173032857.85","2691109870177.34","2746456576321.28","3023235858086.71","2886069892475.58","2654615868380.82","2664014258149.29","2860062056365.28","2862006503513.51"
United States,"USA","GNI (current US$)","NY.GNP.MKTP.CD","15172073000000","15849978000000","16675595000000","17188331000000","18043094000000","18660910000000","19020479000000","19893073000000","20946778000000","21708650000000"
Uruguay,"URY","GNI (current US$)","NY.GNP.MKTP.CD","38781974490.6353","46332423916.0825","47412339246.5018","54466307256.269","53498427927.3854","50826382337.8733","54576367615.3468","60670505468.1484","60861178495.4347","58270516708.6174"
Uzbekistan,"UZB","GNI (current US$)","NY.GNP.MKTP.CD","50620430026.5002","61313053176.5684","68310411486.0087","74402141171.1573","81960280200.107","87622913322.0115","86990975001.5747","63294217513.7342","54140688877.7824","60644519146.4179"
Vanuatu,"VUT","GNI (current US$)","NY.GNP.MKTP.CD","649213208.084552","751131990.673886","703073809.202537","746902186.847185","784588093.13116","744028766.152977","798187600.829684","882357578.500623","941846321.42695","1008738587.58416"
"Venezuela, RB","VEN","GNI (current US$)","NY.GNP.MKTP.CD","388341431499.169","308493145268.459","371208188282.47","359262387418.641","476933862544.158","NA","NA","NA","NA","NA"
Vietnam,"VNM","GNI (current US$)","NY.GNP.MKTP.CD","111512775426.54","129698119187.216","149569185711.542","163884761344.286","177360648761.112","181099655525.902","191133295969.609","206782345640.171","229393263000.48","245123373261.635"
Virgin Islands (U.S.),"VIR","GNI (current US$)","NY.GNP.MKTP.CD","NA","NA","NA","NA","NA","NA","NA","NA","NA","NA"
West Bank and Gaza,"PSE","GNI (current US$)","NY.GNP.MKTP.CD","10280600000","11935600000","13065900000","14675800000","15472300000","15684800000","17301100000","18257000000","19063900000","20164700000"
"Yemen, Rep.","YEM","GNI (current US$)","NY.GNP.MKTP.CD","29087765768.4776","30388992670.2526","33831698297.0697","38599635701.9871","40607585321.3272","41100102386.6049","31252576259.2462","26799973175.9657","21589535361.0748","NA"
Zambia,"ZMB","GNI (current US$)","NY.GNP.MKTP.CD","18902559483.8548","22302537247.7215","25071084452.0428","26888392774.4326","26589065800.1625","20839208733.1386","20311304651.4334","24726787496.7166","25904785012.8606","22904080806.827"
Zimbabwe,"ZWE","GNI (current US$)","NY.GNP.MKTP.CD","11891513500","13855605400","16824691600","18800678500","19154731100","19597002300","20153396800","17275765916.7066","17810187184.1421","18896621254.5275"
Africa Eastern and Southern,"AFE","GNI (current US$)","NY.GNP.MKTP.CD","808667001390.901","901757822899.193","915316906636.36","926831010862.107","949251846568.353","890032040957.775","852410671573.108","957549524589.512","984566058277.646","983933788579.296"
Africa Western and Central,"AFW","GNI (current US$)","NY.GNP.MKTP.CD","549615423785.986","621759674710.302","680881610373.411","768869502883.637","818976865809.144","738754021948.959","671661614226.765","659368208575.052","708744643373.831","764613284446.342"
Arab World,"ARB","GNI (current US$)","NY.GNP.MKTP.CD","2270876765291.71","2466619459465.15","2712689837975.05","2778230864115.81","2814875700425.93","2459934337293.98","2415748101801.24","2470290812762.9","2718547929379.75","2759379666249.66"
Caribbean small states,"CSS","GNI (current US$)","NY.GNP.MKTP.CD","62242790838.0181","65333283499.1003","68672224682.0976","70587032669.5923","71321495640.9168","71123624938.8575","67253270871.3553","69772358125.3448","72059461631.8331","73733084731.2772"
Central Europe and the Baltics,"CEB","GNI (current US$)","NY.GNP.MKTP.CD","1270567404247.16","1392075375642.6","1305541676621.54","1379620384290.19","1419245861892.5","1247454004934.91","1274939889335.62","1413731421698.1","1588669710814.24","1618011075799.77"
Early-demographic dividend,"EAR","GNI (current US$)","NY.GNP.MKTP.CD","15229046773915.7","17383911848882.3","10034328851361.4","10122773943774.4","10488884459954","9986572276138.77","10188484870170.5","11013890846181.6","11078299614765.3","11381400430014.8"
East Asia & Pacific,"EAS","GNI (current US$)","NY.GNP.MKTP.CD","23572470193894","27560230545858.6","21183698126771.2","21317188404873.7","22098505303206.3","21937179875073.4","22676884999435.2","24274629332169.2","26338293189017.7","26943549841052"
East Asia & Pacific (excluding high income),"EAP","GNI (current US$)","NY.GNP.MKTP.CD","14348893729916.3","17369228810158.4","10718405487169.7","11708061919227.8","12724010261138","13188843956395","13463175669634.8","14754863809516.8","16462027218529.6","17045218686132.7"
East Asia & Pacific (IDA & IBRD countries),"TEA","GNI (current US$)","NY.GNP.MKTP.CD","14330918567463.6","17347450525691.7","10705132929410","11693546841633.2","12708228269567.2","13172504457808.9","13446526699322.8","14736570526585.5","16441580067677.1","17024024810471.1"
Euro area,"EMU","GNI (current US$)","NY.GNP.MKTP.CD","12677140819427.3","13694175155055.3","12730803487916.1","13292875697577.4","13571991518701.3","11691082420800.7","12015541066149.5","12710217697605.3","13799019720243.3","13498626918870.9"
Europe & Central Asia,"ECS","GNI (current US$)","NY.GNP.MKTP.CD","20989299496803.1","23246118754609.2","22409287310094.2","23401616451795.1","23701431414794.8","20395400199405.8","20346140983575.5","21578353105833.5","23158184547026.9","22868885410779.7"
Europe & Central Asia (excluding high income),"ECA","GNI (current US$)","NY.GNP.MKTP.CD","3033713922391.79","3738485124061.22","3971029520476.05","4214394073278.94","3938109353855.02","3035762129467.44","2898302183255.98","3249620627465.05","3337611026795.42","3393827564282.04"
Europe & Central Asia (IDA & IBRD countries),"TEC","GNI (current US$)","NY.GNP.MKTP.CD","3554833460905.24","4308884728405.16","4506158476983.85","4775527621938.96","4517398868357.87","3546015505949.59","3403073438859.72","3809684698145.47","3962095491692.61","4027941495141.56"
European Union,"EUU","GNI (current US$)","NY.GNP.MKTP.CD","14568199136649","15784677428602","14705687606286.2","15381117991748.1","15696671773400.9","13541853352974.8","13905861837091.4","14770231130906.3","16047017505803.4","15749511192412"
Fragile and conflict affected situations,"FCS","GNI (current US$)","NY.GNP.MKTP.CD","8179240272631.79","9346191396389.08","1747322326966.94","1752829472852.02","1920728935889.98","1530272826325.58","1386185445496.21","1415569524884.02","1536976338666.33","1628924323336.35"
Heavily indebted poor countries (HIPC),"HPC","GNI (current US$)","NY.GNP.MKTP.CD","480449613569.054","532069045773.534","553881080186.031","618743447305.265","656156759409.236","644103819030.289","652957644542.109","699899785311.672","746607493680.54","768878852833.931"
High income,"HIC","GNI (current US$)","NY.GNP.MKTP.CD","45677952244336.1","49421148913058.7","49649647238485.5","50187402178369.5","51377441339149.4","48447605519886.6","49338860914860","51688433155189.1","54871383052939.3","55335940860310.1"
IBRD only,"IBD","GNI (current US$)","NY.GNP.MKTP.CD","19709495902215.8","23236475164563.9","24766228204649.3","26118997248575.9","27130916645158.6","25432261860122.3","25605718774731.3","28313934839418","30020796069100.3","30741399797146.7"
IDA & IBRD total,"IBT","GNI (current US$)","NY.GNP.MKTP.CD","27844128809901.5","32696785897472.6","26540597090054.5","27983558700119.4","29132272980953.3","27418308116451.8","27543337803113.5","30308291338711.1","32127983329400.4","32944957865676"
IDA blend,"IDB","GNI (current US$)","NY.GNP.MKTP.CD","682218824175.734","784368058816.37","870018134628.074","942607163662.667","1021058134382.7","987808786431.088","926357425272.875","905285313724.616","938907742485.469","972170852484.103"
IDA only,"IDX","GNI (current US$)","NY.GNP.MKTP.CD","7479956220863.29","8707893721685.79","904476628606.792","921954287880.836","980298201412.072","997417947074.856","1011019984027.42","1090199331890.78","1169545307397.01","1232252252474.59"
IDA total,"IDA","GNI (current US$)","NY.GNP.MKTP.CD","8147731789977.42","9475418108742.99","1774381235780.55","1864561451543.5","2001356335794.77","1985226733505.94","1937377409300.3","1995484645615.4","2108453049882.47","2204423104958.7"
Late-demographic dividend,"LTE","GNI (current US$)","NY.GNP.MKTP.CD","13166135305046.3","16034914359553.8","17225884993349.2","18564874776625.2","19388125972296.7","18141682146238.2","18192061283992.1","20229385636383.6","22106501465560.9","22549788877641.8"
Latin America & Caribbean,"LCN","GNI (current US$)","NY.GNP.MKTP.CD","5164603517983.79","5881185551000.1","5945145459979.11","6110627590810.02","6239495584109.94","5210855387696.11","5081501345099.21","5646239027858.8","5489422069078.48","5414032577801.81"
Latin America & Caribbean (excluding high income),"LAC","GNI (current US$)","NY.GNP.MKTP.CD","4417299958888.34","5167908958842.08","5147386406578.68","5304906708789.81","5329680806112.42","4547425251000.83","4416045164998.86","4923683125497.1","4755624213140.33","4696870410409.41"
Latin America & the Caribbean (IDA & IBRD countries),"TLA","GNI (current US$)","NY.GNP.MKTP.CD","5007572788180.63","5716305485522.41","5773791175266.51","5934382367127.57","6059000619805.1","5021913735550.57","4887396038401.97","5446701843925.33","5287062278219.12","5208419496895.07"
Least developed countries: UN classification,"LDC","GNI (current US$)","NY.GNP.MKTP.CD","7219648295122.29","8639104082249.35","861924879281.651","881168555395.72","949302050011.931","937687078721.373","931983104522.576","1015066559252.75","1053565782931.57","1099192508186.63"
Low & middle income,"LMY","GNI (current US$)","NY.GNP.MKTP.CD","26758035305005.4","31607891283307.3","25406184254858.6","26822270078717.1","27854380831029.9","26451890064555.4","26579391668668.4","29241280083978.5","30964901588937.6","31786007949879.8"
Low income,"LIC","GNI (current US$)","NY.GNP.MKTP.CD","548050586101.357","382197027101.456","373686708546.76","381716512741.595","409173785007.897","406127428376.607","379836187883.866","400567216441.609","415452752572.237","437149884151.81"
Lower middle income,"LMC","GNI (current US$)","NY.GNP.MKTP.CD","11658894369186.6","13689416221935.1","6199337269142.96","6247509393540.02","6499418255562.28","6391319067201","6653430157217.9","7163685399633.59","7257952975734.84","7643930159482.68"
Middle East & North Africa,"MEA","GNI (current US$)","NY.GNP.MKTP.CD","2932229504133.96","3253315455290.57","3529647415007.48","3487683602715.33","3508948421893.77","3092301591444.27","3108496036553.55","3229934550225.06","3359304914660.06","3389171569172.54"
Middle East & North Africa (excluding high income),"MNA","GNI (current US$)","NY.GNP.MKTP.CD","1554699357582.51","1547100338285.07","1687307805884.42","1556214051625.15","1528837564265.39","1371970631296.37","1395338613075.05","1375834985781.45","1307967681643.67","1326250667766.69"
Middle East & North Africa (IDA & IBRD countries),"TMN","GNI (current US$)","NY.GNP.MKTP.CD","1544418757582.51","1535164738285.07","1674241905884.42","1541538251625.15","1513365264265.39","1356285831296.37","1378037513075.05","1357577985781.45","1288903781643.67","1306085967766.69"
Middle income,"MIC","GNI (current US$)","NY.GNP.MKTP.CD","26223417711088.7","31221942810826.1","25032913249963.8","26440331885705","27445506719056.6","26046775749979.9","26199401214850.5","28839824866233.5","30548146390035.4","31347931154747.9"
North America,"NAC","GNI (current US$)","NY.GNP.MKTP.CD","16764233575651.2","17615906042319.6","18478176486603.5","19013566427757.1","19826323989702.3","20200467277013.9","20536902719731.4","21528799851163.2","22647015745552.3","23435486102234.3"
Not classified,"INX","GNI (current US$)","NY.GNP.MKTP.CD","NA","NA","NA","NA","NA","NA","NA","NA","NA","NA"
OECD members,"OED","GNI (current US$)","NY.GNP.MKTP.CD","45389542747553","48933333532937.8","49080984759721.4","49656328840402.5","50792064171238.4","47842990824100.4","48628334461687.9","50851779126250.6","53783897815960.5","54268382451784.8"
Other small states,"OSS","GNI (current US$)","NY.GNP.MKTP.CD","294124763570.048","368024743521.258","390220260643.576","412012226903.246","426680198947.4","360574602995.193","357499311588.607","389672305966.169","428568547978.65","419890192973.96"
Pacific island small states,"PSS","GNI (current US$)","NY.GNP.MKTP.CD","6558929941.93169","7656854465.56346","8117230599.092","8638258257.06492","9254483926.91538","9090990261.97058","9479132504.09441","10115405317.772","10626418652.4766","10634235497.6801"
Post-demographic dividend,"PST","GNI (current US$)","NY.GNP.MKTP.CD","42926853849779.1","46218229879395.6","46345290570227.5","46725130929839.6","47768940600523.2","45141049604520.5","46001706541971.8","48077419499843.8","50946381304451","51418282936811"
Pre-demographic dividend,"PRE","GNI (current US$)","NY.GNP.MKTP.CD","972842725344.442","1128052131927.77","1244351331432.99","1361669951951.21","1443333268964.38","1276426472256.56","1176506349762.69","1220427100986.19","1297773811930.39","1365659418096.98"
Small states,"SST","GNI (current US$)","NY.GNP.MKTP.CD","362956899204.931","441016794128.426","467010080778.142","491232791191.526","507247227773.382","440815105025.846","434249659865.204","469569280929.164","511250276046.208","504262705228.464"
South Asia,"SAS","GNI (current US$)","NY.GNP.MKTP.CD","2048016179455.86","2264708286421.47","2285225187576.36","2342863104048.83","2566051246580.31","2681113897702.36","2884764203298.4","3322787395361.83","3412012149542.9","3575368490443.87"
South Asia (IDA & IBRD),"TSA","GNI (current US$)","NY.GNP.MKTP.CD","2048016179455.86","2264708286421.47","2285225187576.36","2342863104048.83","2566051246580.31","2681113897702.36","2884764203298.4","3322787395361.83","3412012149542.9","3575368490443.87"
Sub-Saharan Africa,"SSF","GNI (current US$)","NY.GNP.MKTP.CD","1357960677916.28","1523229286500.83","1596019543149.53","1695700513745.74","1768228712377.5","1628786062906.73","1524072285799.87","1616917733164.56","1693310701651.48","1748547073025.64"
Sub-Saharan Africa (excluding high income),"SSA","GNI (current US$)","NY.GNP.MKTP.CD","1357042706724.44","1522281786251.19","1595019652390.93","1694441537506.49","1766968006715.73","1627491875012.88","1522754797474.4","1615506183109.98","1691799428381.16","1747023585656.13"
Sub-Saharan Africa (IDA & IBRD countries),"TSS","GNI (current US$)","NY.GNP.MKTP.CD","1357960677916.28","1523229286500.83","1596019543149.53","1695700513745.74","1768228712377.5","1628786062906.73","1524072285799.87","1616917733164.56","1693310701651.48","1748547073025.64"
Upper middle income,"UMC","GNI (current US$)","NY.GNP.MKTP.CD","14564469707960.8","17532464665086","18833574477932.1","20192823932471.3","20946089813416.9","19655455714725.5","19545967819373","21676137517673.6","23290194676996.8","23703167397025.2"
World,"WLD","GNI (current US$)","NY.GNP.MKTP.CD","72825024186604.6","81338368252944","75426702685686.1","77368800640936.1","79708830852740.7","75159029520349.8","76181215149200.7","81210430619785.5","86133999740857.3","87423208864133.8"
,"","","","","","","","","","","","",""
,"","","","","","","","","","","","",""
,"","","","","","","","","","","","",""
Data from database: World Development Indicators,"","","","","","","","","","","","",""
Last Updated: 12/16/2021,"","","","","","","","","","","","",""
