Country Name,"Country Code","Series Name","Series Code",2010,2011,2012,2013,2014,2015,2016,2017,2018,2019
Afghanistan,"AFG","GDP (current US$)","NY.GDP.MKTP.CD","15856678596.148","17805113118.8938","19907317065.6666","20146404996.223","20497126770.1335","19134211763.859","18116562464.9088","18753469630.2586","18053228578.8878","18799450742.7823"
Albania,"ALB","GDP (current US$)","NY.GDP.MKTP.CD","11926922828.9911","12890764531.3284","12319830437.3467","12776220507.0162","13228147516.1168","11386850129.8411","11861199830.8396","13019689336.6919","15156432309.8977","15400242874.8812"
Algeria,"DZA","GDP (current US$)","NY.GDP.MKTP.CD","161207270185.25","200013052199.2","209058991952.125","209755003250.664","213810024944.464","165979279263.174","160034163871.455","170097014589.134","174910878623.049","171767403748.19"
American Samoa,"ASM","GDP (current US$)","NY.GDP.MKTP.CD","573000000","570000000","640000000","638000000","643000000","673000000","671000000","612000000","639000000","648000000"
Andorra,"AND","GDP (current US$)","NY.GDP.MKTP.CD","3449966856.68832","3629203786.19154","3188808942.56713","3193704343.20627","3271808157.30038","2789870187.50693","2896679211.86628","3000180750.11297","3218316013.22626","3155065487.51819"
Angola,"AGO","GDP (current US$)","NY.GDP.MKTP.CD","83799496611.2004","111789686464.441","128052853643.106","136709862831.194","145712200312.505","116193649124.151","101123851090.455","122123822333.59","101353230784.594","89417190341.2533"
Antigua and Barbuda,"ATG","GDP (current US$)","NY.GDP.MKTP.CD","1148700000","1137637037.03704","1199948148.14815","1181448148.14815","1249733333.33333","1336692592.59259","1436585185.18519","1467977777.77778","1605944444.44444","1687533333.33333"
Argentina,"ARG","GDP (current US$)","NY.GDP.MKTP.CD","423627422092.49","530163281574.658","545982375701.128","552025140252.246","526319673731.638","594749285413.212","557531376217.967","643628665302.155","524819742918.669","451932356085.842"
Armenia,"ARM","GDP (current US$)","NY.GDP.MKTP.CD","9260284937.79781","10142111334.4961","10619320048.5857","11121465767.4067","11609512939.7542","10553337672.9872","10546135160.031","11527458565.7334","12457941907.0333","13619291361.2814"
Aruba,"ABW","GDP (current US$)","NY.GDP.MKTP.CD","2390502793.29609","2549720670.39106","2534636871.50838","2727849720.67039","2790849162.01117","2962905027.93296","2983636871.50838","3092430167.59777","3202188606.92893","NA"
Australia,"AUS","GDP (current US$)","NY.GDP.MKTP.CD","1147589183475.73","1397907916789.9","1546508558465.66","1576335282651.07","1467504819608.92","1350534154255.76","1206685107002.47","1326882872011.46","1428529571351.06","1391952510370.48"
Austria,"AUT","GDP (current US$)","NY.GDP.MKTP.CD","391892746544.69","431120310088.82","409425234155.263","430068712971.867","441996131736.508","381817565893.574","395568644341.038","416230497429.163","454945881027.378","445011872704.47"
Azerbaijan,"AZE","GDP (current US$)","NY.GDP.MKTP.CD","52909294791.9262","65951627200.2026","69683935845.2139","74164435946.4627","75244294275.1498","53074370486.0433","37867518957.1975","40865558912.3867","47112941176.4706","48174235294.1176"
"Bahamas, The","BHS","GDP (current US$)","NY.GDP.MKTP.CD","10095760000","10070450000","10720500000","10494600000","11142900000","11890600000","11992600000","12359700000","12837800000","13164400000"
Bahrain,"BHR","GDP (current US$)","NY.GDP.MKTP.CD","25713271276.5957","28776595744.6809","30749308510.6383","32539468085.1064","33387712765.9574","31050638297.8723","32234973404.2553","35473776595.7447","37801462765.9574","38652579787.234"
Bangladesh,"BGD","GDP (current US$)","NY.GDP.MKTP.CD","115279077465.226","128637938711.386","133355749482.478","149990451022.29","172885454931.453","195078678697.23","221415188000.475","249710922462.309","274038973437.275","302571320445.75"
Barbados,"BRB","GDP (current US$)","NY.GDP.MKTP.CD","4530000000","4657500000","4610000000","4677000000","4696500000","4715000000","4830000000","4978000000","5086500000","5209000000"
Belarus,"BLR","GDP (current US$)","NY.GDP.MKTP.CD","57222490768.7143","61757788944.7236","65685102554.8759","75527984234.2342","78813839984.3506","56454734396.5842","47722657820.6675","54726595249.1849","60031262269.3365","64409647193.8044"
Belgium,"BEL","GDP (current US$)","NY.GDP.MKTP.CD","480951629493.033","522645519183.591","496181260258.3","521642714407.843","534678075827.361","462149679343.822","475739588764.759","501522868356.441","543008499294.079","535288715239.999"
Belize,"BLZ","GDP (current US$)","NY.GDP.MKTP.CD","1377177100","1460797903.23406","1522897506.07849","1579411253.00514","1667335060.96064","1721700991.46912","1789304087.78561","1858529676.71857","1915899786.96407","1982518540.6134"
Benin,"BEN","GDP (current US$)","NY.GDP.MKTP.CD","9535344283.47295","10693321953.6355","11141358945.1349","12517845732.2095","13284528654.0574","11388160958.249","11821066152.5979","12701654743.2149","14262407011.5254","14391686632.7821"
Bermuda,"BMU","GDP (current US$)","NY.GDP.MKTP.CD","6634526000","6312691000","6378188000","6465756000","6413988000","6654541000","6899911000","7142316000","7224329000","7484113000"
Bhutan,"BTN","GDP (current US$)","NY.GDP.MKTP.CD","1547991317.81183","1777101316.67756","1781281281.57912","1756215665.09323","1907090813.45906","2003598212.99135","2158972129.00307","2450364928.07302","2446866404.93058","2535657068.96575"
Bolivia,"BOL","GDP (current US$)","NY.GDP.MKTP.CD","19649631314.0482","23963033430.5954","27084497482.8616","30659338880.3786","32996188012.6821","33000198248.3362","33941126200.0606","37508642165.3366","40287647930.4761","40895322843.7851"
Bosnia and Herzegovina,"BIH","GDP (current US$)","NY.GDP.MKTP.CD","17176781045.5967","18644723853.5807","17221192466.1918","18172335776.3301","18560861388.6402","16219819017.3607","16914287348.9819","18079075770.6713","20177409351.4329","20201323260.0733"
Botswana,"BWA","GDP (current US$)","NY.GDP.MKTP.CD","12786654498.3514","15351972361.1477","14380004175.1194","14901750991.2012","15654660710.108","13578754072.4652","15082578064.8002","16088437675.1648","16914245098.0392","16593720655.6402"
Brazil,"BRA","GDP (current US$)","NY.GDP.MKTP.CD","2208838108577.09","2616156606666.62","2465228293894.01","2472819362216.69","2456043766028.73","1802211999538.68","1795693265810.23","2063514688761.98","1916933708381.89","1877824273720.78"
British Virgin Islands,"VGB","GDP (current US$)","NY.GDP.MKTP.CD","NA","NA","NA","NA","NA","NA","NA","NA","NA","NA"
Brunei Darussalam,"BRN","GDP (current US$)","NY.GDP.MKTP.CD","13707370737.0737","18525319977.7407","19047940300.8963","18093829923.2737","17098342541.4365","12930394937.8137","11400854267.7188","12128104859.1498","13567351175.0315","13469422958.5105"
Bulgaria,"BGR","GDP (current US$)","NY.GDP.MKTP.CD","50682061053.2016","57678241023.818","54300857424.4415","55810138436.4821","57082011260.3446","50781996712.7635","53953897624.4344","59199447421.4924","66363422450.2112","68915416141.9576"
Burkina Faso,"BFA","GDP (current US$)","NY.GDP.MKTP.CD","10109618964.2848","12080296644.0643","12561016091.4673","13444301139.1384","13943016923.9017","11832159275.603","12833363370.174","14106956830.0857","15890065019.7634","16178162030.0694"
Burundi,"BDI","GDP (current US$)","NY.GDP.MKTP.CD","2032135246.50004","2235820867.82743","2333308099.46249","2451625332.74584","2705783272.07443","3104394858.11518","2732808556.84172","2748180473.71333","2668495742.88443","2631434363.22693"
Cabo Verde,"CPV","GDP (current US$)","NY.GDP.MKTP.CD","1664310769.55229","1865915544.12445","1741809808.96442","1850470042.43281","1859898513.26858","1596800287.16405","1662998677.88425","1768319144.00218","1966503222.76759","1981845740.70615"
Cambodia,"KHM","GDP (current US$)","NY.GDP.MKTP.CD","11242275198.9783","12829541141.0127","14054443213.4639","15227991395.2201","16702610842.4025","18049954289.4229","20016747754.0192","22177200511.5811","24571753583.4922","27089389786.979"
Cameroon,"CMR","GDP (current US$)","NY.GDP.MKTP.CD","27507499709.071","30630912184.7789","30155064574.0734","33728622819.0912","36386546917.6861","32210232911.6626","33814337900.2831","36098550141.5897","39973839064.6084","39670977332.7348"
Canada,"CAN","GDP (current US$)","NY.GDP.MKTP.CD","1617343367486.26","1793326630174.52","1828366481521.6","1846597421834.98","1805749878439.94","1556508816217.14","1527994741907.43","1649265644244.09","1721853332869.63","1741576393905.98"
Cayman Islands,"CYM","GDP (current US$)","NY.GDP.MKTP.CD","4156990759.63038","4186223808.95236","4291159006.36025","4405954638.18553","4563017880.71523","4708336733.46934","4909498979.9592","5166467298.69195","5522625585.0234","5935769350.77403"
Central African Republic,"CAF","GDP (current US$)","NY.GDP.MKTP.CD","2142591375.85053","2437982839.63072","2510126699.05356","1691544192.38242","1894813504.52945","1695825708.45604","1825018190.85071","2072349794.23301","2220978978.17342","2220307368.69593"
Chad,"TCD","GDP (current US$)","NY.GDP.MKTP.CD","10668102734.8132","12172309522.6171","12367363677.6199","12953535495.8781","13940768065.6063","10950392219.9104","10097778353.7651","10000395242.1457","11239167048.4916","11314951342.7807"
Channel Islands,"CHI","GDP (current US$)","NY.GDP.MKTP.CD","NA","NA","NA","NA","NA","NA","NA","NA","NA","NA"
Chile,"CHL","GDP (current US$)","NY.GDP.MKTP.CD","218537551220.071","252251992029.442","267122320056.702","278384332694.359","260541637327.864","243919079437.373","250440149690.889","277034675515.671","297571693064.212","279385487344.526"
China,"CHN","GDP (current US$)","NY.GDP.MKTP.CD","6087163874510.73","7551500124197.17","8532229986993.65","9570406235659.64","10475682920597.7","11061553079871.5","11233276536744.7","12310409370894.2","13894817549380.3","14279937467431"
Colombia,"COL","GDP (current US$)","NY.GDP.MKTP.CD","286563105192.457","334943871931.746","370921320483.842","382116126448.555","381112119657.446","293481748240.779","282825009887.458","311883730690.129","334198214706.209","323429888934.257"
Comoros,"COM","GDP (current US$)","NY.GDP.MKTP.CD","907978723.547592","1023086183.79822","1015843368.79008","1116224161.07781","1149587651.69395","966029542.038859","1012835518.26037","1077439662.5798","1188797574.94753","1192559739.37288"
"Congo, Dem. Rep.","COD","GDP (current US$)","NY.GDP.MKTP.CD","21565720044.4634","25839749198.8233","29306235826.3885","32679745297.6453","35909040265.9328","37917704900.0794","37134799974.5225","38019265625.8845","47146004586.6824","50400747050.496"
"Congo, Rep.","COG","GDP (current US$)","NY.GDP.MKTP.CD","13135580695.2473","15634897272.7645","17693924573.2499","17953617927.2376","17889079957.8792","11885478502.1168","10215989995.0073","11090177747.1315","13670036995.9959","12750339022.9512"
Costa Rica,"CRI","GDP (current US$)","NY.GDP.MKTP.CD","37658614803.2919","42762617081.6142","47231651862.8224","50949672205.8222","52016408950.8398","56441917653.0156","58847016044.8244","60516043590.1924","62420165099.7301","64072870931.603"
Cote d'Ivoire,"CIV","GDP (current US$)","NY.GDP.MKTP.CD","34936305296.8834","36693712824.7812","36302305578.306","42760237561.3995","35363533865.7271","45814637971.4745","47964234560.0514","51588158717.5348","58011466450.8643","58539424929.7248"
Croatia,"HRV","GDP (current US$)","NY.GDP.MKTP.CD","60426018629.2992","63169910822.1285","57192346923.335","58889082315.336","58330289756.6914","50163192883.1515","52295158344.2544","56214427431.2","62247874948.8225","62246206340.5469"
Cuba,"CUB","GDP (current US$)","NY.GDP.MKTP.CD","64328000000","68990000000","73141000000","77148000000","80656000000","87133000000","91370000000","96851000000","100050000000","103428000000"
Curacao,"CUW","GDP (current US$)","NY.GDP.MKTP.CD","NA","3038699608.93855","3131096089.38547","3147616201.11732","3158406033.51955","3151910782.1229","3122287932.96089","3116610111.73184","3127908044.69274","3101787709.49721"
Cyprus,"CYP","GDP (current US$)","NY.GDP.MKTP.CD","25732432719.0773","27565469097.9955","24978513426.6992","23900872625.8467","23156850006.6427","19842404304.8929","20953442550.3653","22870833709.8961","25522671232.8767","25758357774.5438"
Czech Republic,"CZE","GDP (current US$)","NY.GDP.MKTP.CD","209069940963.177","229562733398.948","208857719320.649","211685616592.931","209358834156.329","188033050459.881","196272068576.338","218628940951.675","248950103352.137","252498032247.163"
Denmark,"DNK","GDP (current US$)","NY.GDP.MKTP.CD","321995279401.502","344003137611.271","327148943812.137","343584391647.927","352993631617.708","302673070846.857","313115929314.339","332121063806.391","356841216410.068","347561349210.979"
Djibouti,"DJI","GDP (current US$)","NY.GDP.MKTP.CD","1128611700.3618","1239144501.77525","1353632941.5207","2042817162.85639","2214679081.25658","2430274292.2896","2603540256.91955","2751445573.68009","3012803457.10411","3324615549.09099"
Dominica,"DMA","GDP (current US$)","NY.GDP.MKTP.CD","493825925.925926","501025925.925926","485996296.296296","498296296.296296","520207407.407407","540737037.037037","576229629.62963","519837037.037037","550622222.222222","611537037.037037"
Dominican Republic,"DOM","GDP (current US$)","NY.GDP.MKTP.CD","53860175555.9961","58029750745.6495","60681537195.7996","62682163837.347","67179914026.9623","71164825256.6849","75704720189.5607","79997975621.8654","85555378042.8196","88941299733.5018"
Ecuador,"ECU","GDP (current US$)","NY.GDP.MKTP.CD","69555367000","79276664000","87924544000","95129659000","101726331000","99290381000","99937696000","104295862000","107562008000","108108009000"
"Egypt, Arab Rep.","EGY","GDP (current US$)","NY.GDP.MKTP.CD","218983666061.706","235989672977.625","279116666666.667","288434108527.132","305595408895.265","329366576819.407","332441717791.411","235733695652.174","249712999437.254","303080865603.645"
El Salvador,"SLV","GDP (current US$)","NY.GDP.MKTP.CD","18447920000","20283780000","21386150000","21990960000","22593470000","23438240000","24191430000","24979190000","26020850000","26896660000"
Equatorial Guinea,"GNQ","GDP (current US$)","NY.GDP.MKTP.CD","16314443428.9408","21357343681.8966","22388344123.9916","21948834290.3538","21765453087.4795","13185496881.4055","11240808846.6928","12200913887.6419","13097012189.3995","11417278044.9859"
Eritrea,"ERI","GDP (current US$)","NY.GDP.MKTP.CD","1589515447.15447","2065001626.01626","NA","NA","NA","NA","NA","NA","NA","NA"
Estonia,"EST","GDP (current US$)","NY.GDP.MKTP.CD","19523477325.6235","23183616045.5168","23020466784.6112","25108615091.9884","26598657880.5486","22881558191.8523","24056487770.898","26857880621.935","30474612057.4484","31045591753.4901"
Eswatini,"SWZ","GDP (current US$)","NY.GDP.MKTP.CD","4438778424.30203","4820499924.2539","4886533032.88672","4597532029.70451","4422968339.67584","4063245671.29285","3816022046.82656","4402969225.92165","4665420238.51784","4495679480.96886"
Ethiopia,"ETH","GDP (current US$)","NY.GDP.MKTP.CD","29933790334.3418","31952763089.33","43310721414.0829","47648211133.2183","55612228233.5179","64589334978.8013","74296618481.0882","81770791970.982","84269348327.3454","95912590628.1412"
Faroe Islands,"FRO","GDP (current US$)","NY.GDP.MKTP.CD","2320424601.26954","2490807830.57351","2366301251.61847","2627049837.08135","2850743875.2784","2518096285.61661","2738832687.13698","2899226097.62377","3051341335.9516","3126293219.77989"
Fiji,"FJI","GDP (current US$)","NY.GDP.MKTP.CD","3140508835.9485","3774530615.65916","3972012570.53467","4190143206.25611","4856963229.83999","4682546863.08162","4930204229.72263","5353404422.08138","5581371847.61641","5496264766.37285"
Finland,"FIN","GDP (current US$)","NY.GDP.MKTP.CD","249181190476.369","275243697751.011","258304834621.605","271285280621.373","274497230802.958","234440080998.273","240607907010.383","255016517537.983","275580448365.235","268782471380.392"
France,"FRA","GDP (current US$)","NY.GDP.MKTP.CD","2642609548930.36","2861408170264.6","2683825225092.63","2811077725703.59","2852165760630.27","2438207896251.84","2471285607081.72","2588740901639.81","2789593979064.58","2728870246705.88"
French Polynesia,"PYF","GDP (current US$)","NY.GDP.MKTP.CD","NA","NA","NA","NA","NA","NA","NA","NA","NA","NA"
Gabon,"GAB","GDP (current US$)","NY.GDP.MKTP.CD","14372591916.4792","18210308748.2912","17170465294.0332","17595745653.3676","18203968001.8908","14383107714.0388","14023890620.3384","14929488770.7315","16867325126.5423","16874405839.7948"
"Gambia, The","GMB","GDP (current US$)","NY.GDP.MKTP.CD","1543292392.54605","1409694553.90934","1415006238.09509","1375608956.10386","1229460601.92174","1378176868.31568","1484579844.37143","1504909753.28746","1670670668.5939","1812529104.61923"
Georgia,"GEO","GDP (current US$)","NY.GDP.MKTP.CD","12243505582.6741","15107441446.7833","16488403076.3641","17189551520.9811","17627003454.7205","14953950557.4406","15141758566.7808","16242916915.7203","17599700090.762","17477255562.2583"
Germany,"DEU","GDP (current US$)","NY.GDP.MKTP.CD","3396354075663.73","3744408602683.94","3527344944139.83","3732743446218.92","3883920155292.26","3356235704119.75","3467498002104.33","3681732583768.5","3975347237442.99","3888326788627.44"
Ghana,"GHA","GDP (current US$)","NY.GDP.MKTP.CD","32197272797.2028","39337314809.9434","41270954737.2459","62823043706.4702","54782847752.5375","49406568432.6711","56165172898.8695","60406382898.5174","67299280679.563","68337537815.7703"
Gibraltar,"GIB","GDP (current US$)","NY.GDP.MKTP.CD","NA","NA","NA","NA","NA","NA","NA","NA","NA","NA"
Greece,"GRC","GDP (current US$)","NY.GDP.MKTP.CD","296835346570.223","282625610892.477","242043151399.458","238839788899.338","235144949470.797","195604846736.019","193017030649.7","199350781053.185","211945897765.431","205144152830.847"
Greenland,"GRL","GDP (current US$)","NY.GDP.MKTP.CD","2503156060.52524","2684467375.71479","2609667673.71601","2684952726.88425","2842048997.77283","2499115623.00272","2707146783.13056","2851610655.92391","3040414278.02236","2982247278.61577"
Grenada,"GRD","GDP (current US$)","NY.GDP.MKTP.CD","771013259.259259","778655925.925926","799882259.259259","842620111.111111","911497407.407407","997007925.925926","1061640740.74074","1125685185.18519","1166523555.55556","1212694407.40741"
Guam,"GUM","GDP (current US$)","NY.GDP.MKTP.CD","4949000000","4984000000","5265000000","5399000000","5610000000","5799000000","5901000000","6013000000","6060000000","6364000000"
Guatemala,"GTM","GDP (current US$)","NY.GDP.MKTP.CD","40676432028.5934","46876114650.4996","49593961141.7484","52996540703.5943","57852399963.7878","62186186575.7433","66053725049.0138","71654134378.5299","73208583758.9105","77020015201.3201"
Guinea,"GIN","GDP (current US$)","NY.GDP.MKTP.CD","6853467857.61127","6785137172.77058","7638045254.42864","8376613843.27265","8778473614.54728","8794202443.67366","8595955581.21787","10324668266.5921","11857030336.5252","13513809258.2131"
Guinea-Bissau,"GNB","GDP (current US$)","NY.GDP.MKTP.CD","849878424.225986","1099818651.98114","989271229.637162","1046087417.96916","1054915645.19654","1048229629.42039","1179004941.22904","1350177127.5523","1504630120.99275","1439638443.38133"
Guyana,"GUY","GDP (current US$)","NY.GDP.MKTP.CD","3432913073.24154","3691384317.52178","4063089191.87525","4167800259.20888","4127659492.02031","4279840193.7046","4482697336.56174","4748174334.14044","4787636237.24043","5173760191.84652"
Haiti,"HTI","GDP (current US$)","NY.GDP.MKTP.CD","11859315078.7902","13008754110.8113","13708926466.2732","14902474090.615","15139264670.4225","14833154471.7456","13987693738.923","15035560372.6443","16455034352.7671","14785839382.9002"
Honduras,"HND","GDP (current US$)","NY.GDP.MKTP.CD","15729649158.5883","17588098574.7369","18400538859.3598","18372173380.7373","19618567249.5003","20833948799.5352","21566622849.6057","22975415842.4648","23900438563.7271","24915522849.1544"
"Hong Kong SAR, China","HKG","GDP (current US$)","NY.GDP.MKTP.CD","228637697575.04","248513617677.287","262629441493.476","275696879834.966","291459356985.337","309383627028.561","320837638328.846","341244161576.759","361691522612.745","363016373358.517"
Hungary,"HUN","GDP (current US$)","NY.GDP.MKTP.CD","132231134158.608","141999960209.893","128857370476.631","135732595721.853","141078984816.675","125210324613.14","128636108315.474","143136245596.988","160586833778.457","163526491433.29"
Iceland,"ISL","GDP (current US$)","NY.GDP.MKTP.CD","13751161917.7398","15221622925.9319","14751508133.5443","16125060515.3117","17867662177.8911","17517210519.0912","20793168030.9524","24728285177.4603","26267063757.5495","24857740445.0401"
India,"IND","GDP (current US$)","NY.GDP.MKTP.CD","1675615335600.56","1823049927771.46","1827637859135.7","1856722121394.53","2039127446298.55","2103587813812.75","2294797980509.01","2651472946374.91","2701111782775.03","2870504096717.77"
Indonesia,"IDN","GDP (current US$)","NY.GDP.MKTP.CD","755094160363.071","892969107923.094","917869910105.749","912524136718.018","890814755233.225","860854235065.079","931877364177.742","1015618742565.81","1042271531011.99","1119091259074.62"
"Iran, Islamic Rep.","IRN","GDP (current US$)","NY.GDP.MKTP.CD","486807615326.147","580764902917.439","598868460912.847","460293149324.326","432687036177.818","384951479697.42","417983583565.54","445345256459.105","294356680624.658","258245497664.394"
Iraq,"IRQ","GDP (current US$)","NY.GDP.MKTP.CD","138516722649.573","185749664444.444","218002481737.691","234637675128.645","228415656174.957","166774109673.732","166602488747.885","187217660050.676","227367469034.031","235097182233.503"
Ireland,"IRL","GDP (current US$)","NY.GDP.MKTP.CD","221659742984.75","238662833333.918","225509709550.982","238211547205.677","258625192663.58","291462799328.949","298725229419.215","334602299873.029","384853685231.018","399122063504.148"
Isle of Man,"IMN","GDP (current US$)","NY.GDP.MKTP.CD","5920177688.50433","6566098381.6696","6690725118.48341","7000748788.49461","7708834951.45631","7085288006.11154","6846691871.45558","6979581724.58172","7491969312.87525","7315388052.08067"
Israel,"ISR","GDP (current US$)","NY.GDP.MKTP.CD","234654589559.973","262293871093.061","258417104163.53","294167366504.266","310944937638.436","300078278118.434","319024417316.889","355277223507.485","373641241440.789","397934596952.56"
Italy,"ITA","GDP (current US$)","NY.GDP.MKTP.CD","2134017843247.16","2291991045770.29","2087077032435.15","2141315327318.21","2159133919743.77","1835899237320.04","1875797463583.87","1956950469673.29","2090910879119.33","2009383867307.45"
Jamaica,"JAM","GDP (current US$)","NY.GDP.MKTP.CD","13220556882.7046","14444655299.8772","14807086889.2099","14264202737.3082","13899228824.2161","14188935947.5694","14077109396.8584","14808989993.3185","15730793852.7913","15830768549.8916"
Japan,"JPN","GDP (current US$)","NY.GDP.MKTP.CD","5759071769013.11","6233147172341.35","6272362996105.03","5212328181166.18","4896994405353.29","4444930651964.18","5003677627544.24","4930837369151.42","5036891740656.35","5148781948478.17"
Jordan,"JOR","GDP (current US$)","NY.GDP.MKTP.CD","27133804225.3521","29524149154.9296","31634561690.1408","34454440140.8451","36847643521.1268","38587017887.3239","39892551126.7606","41408960845.0704","42932112676.0563","44502895915.493"
Kazakhstan,"KAZ","GDP (current US$)","NY.GDP.MKTP.CD","148047348240.643","192626507971.584","207998568865.789","236634552078.102","221415572819.5","184388432148.715","137278320084.171","166805800595.704","179339994859.384","181667190075.541"
Kenya,"KEN","GDP (current US$)","NY.GDP.MKTP.CD","45405587556.7313","46869457318.2541","56396706005.9435","61671425370.0235","68285768554.472","70120413328.7838","74815121314.9381","82035800868.187","92202956320.532","100555485831.944"
Kiribati,"KIR","GDP (current US$)","NY.GDP.MKTP.CD","156120439.254831","181705153.610056","190243432.813514","185114059.61905","179703165.412383","171117816.66613","178328984.096884","187276124.790591","200157020.642498","188391770.636764"
"Korea, Dem. People's Rep.","PRK","GDP (current US$)","NY.GDP.MKTP.CD","NA","NA","NA","NA","NA","NA","NA","NA","NA","NA"
"Korea, Rep.","KOR","GDP (current US$)","NY.GDP.MKTP.CD","1144066965324.49","1253223044718.99","1278427634342.59","1370795199976.18","1484318219633.63","1465773245547.15","1500111596236.37","1623901496835.79","1724845615629.26","1651422932447.77"
Kosovo,"XKX","GDP (current US$)","NY.GDP.MKTP.CD","5344014317.91065","6341737193.76392","6163785172.81254","6735731172.79851","7074657898.23303","6295820481.52668","6682832632.27806","7180813375.50836","7878508502.59802","7899879086.43081"
Kuwait,"KWT","GDP (current US$)","NY.GDP.MKTP.CD","115419399860.433","154068115942.029","174070382279.385","174161142454.161","162631412508.784","114567298105.683","109419728566.7","120707435542.367","138182400331.126","136196760210.804"
Kyrgyz Republic,"KGZ","GDP (current US$)","NY.GDP.MKTP.CD","4794357795.07139","6197766118.59856","6605139933.41063","7335027591.91628","7468096566.71158","6678178340.45121","6813092065.83507","7702934800.12836","8271108638.39931","8871026074.19762"
Lao PDR,"LAO","GDP (current US$)","NY.GDP.MKTP.CD","7131773632.71369","8750107401.57872","10192848926.2582","11983252611.2727","13279248478.8161","14426381187.0894","15912495368.8717","17071162084.4067","18141651381.3884","18897252232.5826"
Latvia,"LVA","GDP (current US$)","NY.GDP.MKTP.CD","23956163076.5575","27474380566.265","28169902669.3784","30204783461.8488","31345148670.5896","27252128626.6281","28064533352.2849","30408509601.8003","34412210812.2783","34308783825.3019"
Lebanon,"LBN","GDP (current US$)","NY.GDP.MKTP.CD","38443907042.3002","39927125961.2072","44035991893.0218","46909335550.6109","48133414840.4075","50065946086.17","51389318290.8642","53324800958.6119","55276157552.246","51953744507.4091"
Lesotho,"LSO","GDP (current US$)","NY.GDP.MKTP.CD","2234731973.55119","2579421686.24912","2477702252.80078","2367113170.00373","2441053175.70743","2359759799.04224","2114323793.98266","2306843528.52853","2514146887.91664","2366213068.57507"
Liberia,"LBR","GDP (current US$)","NY.GDP.MKTP.CD","1998000000","2398000000","2791614000","3177198100","3225652000","3227075700","3398419600","3390703400","3422754800","3319596500"
Libya,"LBY","GDP (current US$)","NY.GDP.MKTP.CD","74773444900.5368","34699395523.6073","81873662518.8238","65502870173.7831","41142722414.3351","27842131479.8726","26197143268.1243","37883243650.452","52607888717.9487","52091152228.3425"
Liechtenstein,"LIE","GDP (current US$)","NY.GDP.MKTP.CD","5082366478.08994","5739977477.47748","5456009384.66461","6391735893.83968","6657170923.37918","6268391521.19701","6237264055.20601","6474256118.61481","6839145106.86164","6684443550.01006"
Lithuania,"LTU","GDP (current US$)","NY.GDP.MKTP.CD","37128694028.243","43535051482.3869","42927454291.478","46523420074.4372","48533659592.1728","41418872976.1196","43018087237.5741","47640770634.427","53724663842.5623","54697379017.3332"
Luxembourg,"LUX","GDP (current US$)","NY.GDP.MKTP.CD","56159192758.3285","61615545000.3597","59779802783.3455","65184744717.028","68713294386.2129","60047430684.2639","62174650367.2216","65549868206.9418","71250208995.6425","70195715495.5136"
"Macao SAR, China","MAC","GDP (current US$)","NY.GDP.MKTP.CD","28241858488.9155","36845925519.4433","43189526777.5567","51536304807.6803","54903031137.7096","45047964934.2517","45070605746.0194","50440941938.6992","55284360483.1217","55204758069.5124"
Madagascar,"MDG","GDP (current US$)","NY.GDP.MKTP.CD","9982711338.11125","11551819617.6416","11578974887.9668","12423555269.3948","12522957228.1618","11323020828.5844","11848613735.1908","13176313593.5418","13760033096.5122","14104664514.87"
Malawi,"MWI","GDP (current US$)","NY.GDP.MKTP.CD","6959655570.89098","8004000737.30717","6028487928.83351","5518880768.57955","6047813437.31804","6373212640.84604","5433040159.88747","8943543677.18899","9880675785.93057","11025357837.607"
Malaysia,"MYS","GDP (current US$)","NY.GDP.MKTP.CD","255016609232.871","297951960784.314","314443149443.149","323277158906.979","338061963396.376","301354803994.367","301255380276.258","319112136545.438","358791603677.728","365276282438.141"
Maldives,"MDV","GDP (current US$)","NY.GDP.MKTP.CD","2588176054.6875","2774351760.03287","2886170571.69634","3295011381.75405","3697351596.83753","4109424799.72407","4379136461.83077","4754175869.24027","5300962659.51088","5607762625.14627"
Mali,"MLI","GDP (current US$)","NY.GDP.MKTP.CD","10689167195.3375","12995113407.2335","12442036265.1484","13242691429.5942","14364937996.8661","13104764333.9941","14026048690.7312","15365714371.3316","17070866299.0945","17280251193.9527"
Malta,"MLT","GDP (current US$)","NY.GDP.MKTP.CD","9035932122.49768","9638916481.06904","9462238211.48657","10551661176.7831","11626281387.0068","11091434483.5238","11721521912.7202","13221298307.8894","14864712990.1631","15215714309.0974"
Marshall Islands,"MHL","GDP (current US$)","NY.GDP.MKTP.CD","160407100","172188500","180436300","184840400","182142800","183814300","201510900","213204100","221588900","239462200"
Mauritania,"MRT","GDP (current US$)","NY.GDP.MKTP.CD","5628882266.37767","6764635686.79345","6728208836.22143","7223063169.72749","6592537781.81518","6166857628.62212","6398744505.08129","6799075418.99441","7354430040.11966","7889662452.16785"
Mauritius,"MUS","GDP (current US$)","NY.GDP.MKTP.CD","10003670690.3497","11518393367.2403","11668685524.1265","12129642296.4425","12803445933.5894","11692287066.381","12232463655.5727","13259351418.4459","14181951058.5129","14045808843.221"
Mexico,"MEX","GDP (current US$)","NY.GDP.MKTP.CD","1057801295584.05","1180489601957.61","1201089987015.45","1274443084716.57","1315351183524.54","1171867608197.72","1078490651625.31","1158913035796.37","1222408203104.3","1269433932805.91"
"Micronesia, Fed. Sts.","FSM","GDP (current US$)","NY.GDP.MKTP.CD","296944100","311301600","327248700","317214400","319271200","316489900","332265200","366666800","401932300","408057100"
Moldova,"MDA","GDP (current US$)","NY.GDP.MKTP.CD","6974960345.3712","8414360656.29632","8709165249.26928","9496684701.43325","9510219299.49557","7745231660.33425","8071480540.86068","9669759987.02633","11456728401.3069","11970233939.8808"
Monaco,"MCO","GDP (current US$)","NY.GDP.MKTP.CD","5367625613.15127","6088808463.25167","5743029680.07195","6555983530.34932","7069616048.89066","6261622101.40908","6472990923.1791","6431314957.07185","7194024563.06094","7423709839.9194"
Mongolia,"MNG","GDP (current US$)","NY.GDP.MKTP.CD","7189481824.07288","10409797649.3063","12292770631.1967","12582122604.1921","12226514722.0861","11619892396.0767","11181350461.4723","11480847745.3187","13178094459.4548","14206359006.8095"
Montenegro,"MNE","GDP (current US$)","NY.GDP.MKTP.CD","4143033275.88493","4544516982.18263","4087725812.66864","4464260488.58205","4587928884.17142","4052913385.82677","4374128318.58407","4844592066.71174","5504166666.66667","5542674317.06225"
Morocco,"MAR","GDP (current US$)","NY.GDP.MKTP.CD","93216746661.5977","101370474295.109","98266306615.3632","106825649872.108","110081248587.369","101179808076.36","103311649248.024","109682728023.112","118096227400.092","119870439113.662"
Mozambique,"MOZ","GDP (current US$)","NY.GDP.MKTP.CD","11104648673.0016","14381552432.9494","16350804543.0515","16974320551.0213","17716084107.5888","15950969018.9458","11936999283.1791","13219084261.3664","14845870050.7092","15384701797.9863"
Myanmar,"MMR","GDP (current US$)","NY.GDP.MKTP.CD","6572498226863.35","7899425952188.79","113590973920.203","60572254371.4731","63264891867.054","63045306513.9323","60291738934.7783","61449391917.1299","67144726167.9303","68697761477.1818"
Namibia,"NAM","GDP (current US$)","NY.GDP.MKTP.CD","11431334447.4305","12523402328.7671","13042007432.4489","12043276397.1652","12435416060.2791","11335179562.0211","10721994676.6562","12895153160.466","13682062249.2236","12496781719.7752"
Nauru,"NRU","GDP (current US$)","NY.GDP.MKTP.CD","47564520.3910861","66055407.6703145","96927201.4848422","98491843.6441982","104654365.188653","86529661.3694983","99723394.9628767","109359680.217211","124021393.690412","118724073.809183"
Nepal,"NPL","GDP (current US$)","NY.GDP.MKTP.CD","16002656434.4746","21621710002.5111","21703106502.4926","22162208956.0893","22731602969.6861","24360795410.1597","24524098184.4236","28971589213.134","33111525182.7133","34186180694.9285"
Netherlands,"NLD","GDP (current US$)","NY.GDP.MKTP.CD","846554894931.084","904085980796.018","838971306990.906","876923518850.405","890981311077.658","765264949780.999","783528181704.567","831809944960.879","913597086062.599","910194347568.626"
New Caledonia,"NCL","GDP (current US$)","NY.GDP.MKTP.CD","9364350064.99003","10351448025.3062","9659151908.65882","10151382876.8157","10635035550.0101","8738203041.54819","8724568970.67891","9173669999.5986","9846920284.01006","9438127994.09456"
New Zealand,"NZL","GDP (current US$)","NY.GDP.MKTP.CD","146517541181.254","168291357111.739","176206659722.524","190906575136.003","201313497220.917","178064471137.921","188943457301.474","206950600690.395","212225726657.864","212891048340.608"
Nicaragua,"NIC","GDP (current US$)","NY.GDP.MKTP.CD","8758592272.10579","9774262741.75783","10532006608.1447","10982979274.1922","11880434070.7811","12756706583.3113","13286083644.8761","13785876629.3189","13025239912.2751","12611218627.0632"
Niger,"NER","GDP (current US$)","NY.GDP.MKTP.CD","7851191899.3408","8772951261.81807","9426913349.22319","10224897934.722","10862944203.5591","9683867893.68343","10398862244.9737","11185102399.5762","12808660528.0617","12916455161.1081"
Nigeria,"NGA","GDP (current US$)","NY.GDP.MKTP.CD","361456622215.721","404993594133.582","455501524575.498","508692961937.492","546676374567.721","486803295097.89","404650006428.613","375746469538.666","397190484464.308","448120428858.769"
North Macedonia,"MKD","GDP (current US$)","NY.GDP.MKTP.CD","9407168702.4313","10494632699.3859","9745251126.0109","10817712138.9451","11362272837.8818","10064515432.0265","10672471860.7184","11307058382.3435","12683070061.4695","12606338448.547"
Northern Mariana Islands,"MNP","GDP (current US$)","NY.GDP.MKTP.CD","799000000","729000000","746000000","772000000","832000000","910000000","1230000000","1560000000","1302000000","1182000000"
Norway,"NOR","GDP (current US$)","NY.GDP.MKTP.CD","428757038466.841","498283438454.281","509506317146.541","522761531914.894","498410050251.256","385801550067.169","368827142857.143","398393955268.99","436999692591.454","405510000000"
Oman,"OMN","GDP (current US$)","NY.GDP.MKTP.CD","56913065779.2588","67871907375.4484","76511069704.3228","78555622509.2653","80686929102.1927","68420257566.6036","65441278668.2947","70585606843.7797","79788768968.949","76331518668.5771"
Pakistan,"PAK","GDP (current US$)","NY.GDP.MKTP.CD","177165635077.065","213587413183.996","224383620829.57","231218567178.979","244360888750.807","270556131701.171","278654637737.69","304567253219.097","314567541558.339","279056608888.638"
Palau,"PLW","GDP (current US$)","NY.GDP.MKTP.CD","185943000","196911100","212397800","221117200","241669800","280457700","298300000","285300000","284700000","274200000"
Panama,"PAN","GDP (current US$)","NY.GDP.MKTP.CD","29440287581.2675","34686224301.1773","40429734384.2184","45599994004.8873","49921464365.3204","54091713775.5634","57907695408.9392","62202725204.4646","64929409212.4566","66984427150.321"
Papua New Guinea,"PNG","GDP (current US$)","NY.GDP.MKTP.CD","14250755231.1257","17984910501.8979","21295659243.6168","21261432791.2675","23210682538.3928","21723531173.2409","20759069103.0961","22742613553.6879","24109509852.7402","24751344552.2057"
Paraguay,"PRY","GDP (current US$)","NY.GDP.MKTP.CD","27237782849.6908","33756238766.5","33296438306.4747","38651334287.6732","40377987208.689","36211372702.8085","36089550659.0914","38997129473.5558","40225448340.6322","37906944074.6128"
Peru,"PER","GDP (current US$)","NY.GDP.MKTP.CD","147528937028.778","171761737046.585","192648999090.082","201175469114.327","200789362451.567","189805300841.603","191895943823.887","211007207483.515","222574697255.522","228470919605.669"
Philippines,"PHL","GDP (current US$)","NY.GDP.MKTP.CD","208368726860.828","234216930369.373","261920509949.785","283902728259.788","297483247100.855","306446140627.933","318626761492.305","328480867143.204","346842094174.513","376823278560.849"
Poland,"POL","GDP (current US$)","NY.GDP.MKTP.CD","479834179020.33","528301269069.799","498523568248.119","521016262734.924","542477096211.761","477811911394.084","472630364208.177","526508877305.321","587411745161.558","597280564671.563"
Portugal,"PRT","GDP (current US$)","NY.GDP.MKTP.CD","237880908317.652","244797226567.109","216236608773.976","226369502104.236","229596170846.995","199313894327.486","206286022781.894","220811110492.149","242194788533.537","239986922638.902"
Puerto Rico,"PRI","GDP (current US$)","NY.GDP.MKTP.CD","98381300000","100351700000","101564800000","102450000000","102445800000","103375500000","104336700000","103445526000","100925000000","104914600000"
Qatar,"QAT","GDP (current US$)","NY.GDP.MKTP.CD","125122306346.154","167775268626.374","186833502362.637","198727642967.033","206224598571.429","161739955576.923","151732181868.132","161099122225.275","183334953818.681","176371267689.082"
Romania,"ROU","GDP (current US$)","NY.GDP.MKTP.CD","166309355234.589","183326740143.016","170635805316.879","190801346194.297","199959363430.073","177729210874.504","188128818486.401","211695422578.655","241457403085.042","249881592298.072"
Russian Federation,"RUS","GDP (current US$)","NY.GDP.MKTP.CD","1524917468442.01","2045925608274.37","2208295773643.15","2292473246621.08","2059241965490.83","1363481063446.77","1276786979221.81","1574199387070.9","1657328865709.99","1687448525466.61"
Rwanda,"RWA","GDP (current US$)","NY.GDP.MKTP.CD","6121234528.98826","6881038269.61727","7650300319.83","7815599502.65683","8241332516.54991","8539048447.78065","8690485823.14546","9253098954.27769","9640280084.19572","10355974217.3735"
Samoa,"WSM","GDP (current US$)","NY.GDP.MKTP.CD","663155954.963744","737147951.052999","760319276.013529","770059550.966038","756805940.214677","787958585.894736","799493884.324697","832025573.983795","821286927.535723","852007112.724637"
San Marino,"SMR","GDP (current US$)","NY.GDP.MKTP.CD","1881214370.93994","1813752783.96437","1604779647.95066","1678841811.66158","1673973694.69908","1419394771.21029","1468377272.13859","1528630707.49794","1655300872.53427","1616369645.99635"
Sao Tome and Principe,"STP","GDP (current US$)","NY.GDP.MKTP.CD","196652514.267255","231489270.144529","250680845.747837","300554483.611626","346528329.183227","316066072.343754","345495614.979982","375614126.193877","412253809.728799","427425039.684339"
Saudi Arabia,"SAU","GDP (current US$)","NY.GDP.MKTP.CD","528207332640","671238840106.667","735974843360","746647127413.333","756350347333.333","654269902880","644935541440","688586244293.333","786521831573.333","792966838160"
Senegal,"SEN","GDP (current US$)","NY.GDP.MKTP.CD","16121314670.9653","17814284622.1718","17660871725.9977","18918668644.1941","19797254643.1212","17774766636.0459","19040312815.1337","20996564751.5994","23116699808.1723","23306213742.3602"
Serbia,"SRB","GDP (current US$)","NY.GDP.MKTP.CD","41819468691.8251","49258136128.9672","43309252921.0567","48394239474.6762","47062206677.6539","39655958842.5478","40692643373.0327","44179055279.8887","50640650221.4622","51514222381.8428"
Seychelles,"SYC","GDP (current US$)","NY.GDP.MKTP.CD","969936525.298729","1065826669.89742","1060226125.62616","1328157608.83087","1343007845.04468","1377495054.04127","1426651768.82189","1528242026.36264","1547690759.44363","1582841058.89479"
Sierra Leone,"SLE","GDP (current US$)","NY.GDP.MKTP.CD","2578026297.15912","2942546781.04548","3801862611.36414","4920343194.99339","5015157815.73406","4218723875.1379","3674794530.18956","3719369107.34992","4085114794.22324","4076578542.56207"
Singapore,"SGP","GDP (current US$)","NY.GDP.MKTP.CD","239809387605.427","279351168707.267","295087220933.024","307576360584.992","314851156183.411","308004146057.608","318763807455.664","343337750742.27","375981539145.907","374386306993.109"
Sint Maarten (Dutch part),"SXM","GDP (current US$)","NY.GDP.MKTP.CD","NA","936089385.47486","985865921.787709","1022905027.93296","1245251396.64804","1253072625.69832","1263687150.83799","1191620111.73184","1185474860.3352","NA"
Slovak Republic,"SVK","GDP (current US$)","NY.GDP.MKTP.CD","90712671900.5229","99362720493.6429","94258572686.2287","98541305462.1038","100954719362.24","88601289843.0917","89614053143.7939","95157888666.9967","105561218935.334","105284375640.698"
Slovenia,"SVN","GDP (current US$)","NY.GDP.MKTP.CD","48161250405.2468","51516366654.8197","46580457470.2769","48401896808.3064","49930685013.4603","43090173394.6913","44736333522.4522","48469082710.3089","54137142149.4799","54178877605.9999"
Solomon Islands,"SLB","GDP (current US$)","NY.GDP.MKTP.CD","846797693.595387","1049952233.25874","1190994126.60431","1284698922.22785","1335538893.33315","1307061543.70981","1378551118.49224","1483758906.61054","1574599182.64697","1570093229.25588"
Somalia,"SOM","GDP (current US$)","NY.GDP.MKTP.CD","NA","NA","NA","3892402684.75612","3963532302.4655","4048860871.41323","4198485403.87919","4508845348.32757","4720727283.20485","4942319040.69822"
South Africa,"ZAF","GDP (current US$)","NY.GDP.MKTP.CD","417365076968.257","458201514136.977","434400545085.811","400886013595.573","381198869776.106","346709790458.563","323585509674.481","381448814653.456","404842116738.074","387934574098.17"
South Sudan,"SSD","GDP (current US$)","NY.GDP.MKTP.CD","14602072410.9506","14907308932.7534","11931472169.4915","18426469016.9492","13962212847.4576","11997800760.2242","NA","NA","NA","NA"
Spain,"ESP","GDP (current US$)","NY.GDP.MKTP.CD","1420722034063","1478772824224.03","1324820091194.67","1354757433212.72","1369398844599.58","1195119269971.52","1232076017361.53","1309297246509.31","1420300232663.59","1393046093137.25"
Sri Lanka,"LKA","GDP (current US$)","NY.GDP.MKTP.CD","56725749221.9043","65292753005.4665","68434409315.1123","74317806538.3632","79356449840.5771","80604080688.5775","82401038709.5356","87428128123.7209","87963042340.8379","83990946939.4651"
St. Kitts and Nevis,"KNA","GDP (current US$)","NY.GDP.MKTP.CD","760170370.37037","817759259.259259","800414814.814815","839770370.37037","916566666.666667","923155555.555555","1008888888.88889","1060740740.74074","1078518518.51852","1164814814.81481"
St. Lucia,"LCA","GDP (current US$)","NY.GDP.MKTP.CD","1486758037.03704","1576988407.40741","1605146777.77778","1664816740.74074","1755130814.81481","1808079888.88889","1865513444.44444","1996771444.44444","2065127259.25926","2118791555.55556"
St. Martin (French part),"MAF","GDP (current US$)","NY.GDP.MKTP.CD","NA","NA","NA","NA","NA","NA","NA","NA","NA","NA"
St. Vincent and the Grenadines,"VCT","GDP (current US$)","NY.GDP.MKTP.CD","681225925.925926","676129629.62963","692933333.333333","721207407.407407","727714814.814815","755400000","774429629.62963","792177777.777778","811300000","825040740.740741"
Sudan,"SDN","GDP (current US$)","NY.GDP.MKTP.CD","58962978034.4828","55018567210.5263","37632919966.6667","43024018082.1918","49516748617.9775","51726758676.7677","42630376000","41283617976.1905","30964349684.7059","26155799324.8663"
Suriname,"SUR","GDP (current US$)","NY.GDP.MKTP.CD","4368398047.64333","4422276621.78703","4980000000","5145757575.75758","5240606060.60606","5126291450.81511","3317438910.83068","3591623596.03082","3996247906.19765","3984483762.37123"
Sweden,"SWE","GDP (current US$)","NY.GDP.MKTP.CD","495812558843.31","574094112972.733","552483727282.802","586841821796.891","581964017237.095","505103781349.757","515654671469.547","541018749769.097","555455371487.089","533879529188.454"
Switzerland,"CHE","GDP (current US$)","NY.GDP.MKTP.CD","603434493402.679","722038242134.62","692109693986.886","712748124222.61","734396591036.932","702149580770.901","695600652899.283","704478516963.855","735539301552.674","731767398052.879"
Syrian Arab Republic,"SYR","GDP (current US$)","NY.GDP.MKTP.CD","252518218262.806","64315437939.0108","42807315975.5342","20345458470.8427","21239000398.0826","16492072144.2125","12356980638.8143","16112991411.879","21490335085.8366","22777882165.1115"
Tajikistan,"TJK","GDP (current US$)","NY.GDP.MKTP.CD","5642178579.58438","6522732202.50748","7633049792.09321","8448469837.53831","9112544556.05962","8271454300.59548","6992393787.40891","7536439875.08334","7765014424.33779","8300784856.87904"
Tanzania,"TZA","GDP (current US$)","NY.GDP.MKTP.CD","32014249841.4151","34657139495.4031","39650530214.3287","45680532613.7591","49964788814.0926","47378599025.3044","49774021003.0748","53320625958.5628","57003713610.7625","61136873692.3985"
Thailand,"THA","GDP (current US$)","NY.GDP.MKTP.CD","341104820155.464","370819140946.553","397558222957.17","420333203150.426","407339454060.678","401296437424.995","413366150655.591","456356961443.497","506611070188.362","544263840039.166"
Timor-Leste,"TLS","GDP (current US$)","NY.GDP.MKTP.CD","881827800","1042411500","1160389500","1395519600","1447307100","1594410900","1650618500","1615609700","1583876200","2047931700"
Togo,"TGO","GDP (current US$)","NY.GDP.MKTP.CD","3429461495.41335","3872459249.74631","3873308389.30006","4321655656.33177","4574986536.90791","4180866177.03946","6031632168.17391","6395472574.41445","7112200725.00232","7220395247.7424"
Tonga,"TON","GDP (current US$)","NY.GDP.MKTP.CD","366840012.442325","414523388.461329","470714083.426751","450643615.180528","439878828.008608","437006227.162781","420540178.571429","460379144.989821","489235527.395387","512350059.421629"
Trinidad and Tobago,"TTO","GDP (current US$)","NY.GDP.MKTP.CD","22157948396.2042","25433011405.3017","25763220107.0051","27268478564.5547","27615843098.0949","24959858249.4433","22386264807.3174","22385426653.883","23679919654.9891","23208326547.5327"
Tunisia,"TUN","GDP (current US$)","NY.GDP.MKTP.CD","46206331261.1019","48122838144.5183","47311196335.2884","48683848563.8515","50271342086.4222","45780069046.659","44360775649.1664","42163974956.4834","42570270107.1147","41804581484.3655"
Turkey,"TUR","GDP (current US$)","NY.GDP.MKTP.CD","776992599946.766","838762755164.179","880556375779.51","957783020853.031","938952628604.067","864316670330.882","869692960365.551","858996263095.858","778471901665.148","761004425605.414"
Turkmenistan,"TKM","GDP (current US$)","NY.GDP.MKTP.CD","22583157894.7368","29233333333.3333","35164210526.3158","39197543859.6491","43524210526.3158","35799714285.7143","36169428571.4286","37926285714.2857","40765428571.4286","45231428571.4286"
Turks and Caicos Islands,"TCA","GDP (current US$)","NY.GDP.MKTP.CD","686787810","728789570","727161000","754238000","841070000","942070000","1032452000","1022365000","1113178000","1197415000"
Tuvalu,"TUV","GDP (current US$)","NY.GDP.MKTP.CD","31823518.6204366","38711810.2114492","37671774.6945537","37509075.1110253","37290607.5356048","35492074.2243257","36547799.583705","40619251.9926426","42588164.9731022","47271463.3298575"
Uganda,"UGA","GDP (current US$)","NY.GDP.MKTP.CD","26673441667.2778","27871725205.585","27305915761.2794","28915786996.5408","32612397758.4418","32387183844.6574","29203988814.8973","30744473911.5312","32927025573.4296","35353060634.2022"
Ukraine,"UKR","GDP (current US$)","NY.GDP.MKTP.CD","141209864408.488","169333048847.834","182592416468.527","190498811460.028","133503411375.739","91030959454.6961","93355993628.5042","112090530368.543","130891049796.879","153882982016.281"
United Arab Emirates,"ARE","GDP (current US$)","NY.GDP.MKTP.CD","289787338325.391","350666031313.819","374590605854.323","390107556160.654","403137100068.074","358135057862.492","357045064669.843","385605506848.196","422215043594.282","417215559513.364"
United Kingdom,"GBR","GDP (current US$)","NY.GDP.MKTP.CD","2491110093454.18","2674891473843.81","2719158341005.79","2803291406029.93","3087165602962.86","2956573778737.76","2722851958486.23","2699016715111.39","2900791442554.06","2878673912414.44"
United States,"USA","GDP (current US$)","NY.GDP.MKTP.CD","14992052727000","15542581104000","16197007349000","16784849196000","17527163695000","18238300569000","18745075687000","19542979183000","20611860934000","21433224697000"
Uruguay,"URY","GDP (current US$)","NY.GDP.MKTP.CD","40284481651.9021","47962439303.7247","51264390116.4909","57531233350.9101","57236013086.1223","53274304222.136","57236652490.1699","64233966861.2518","64515038268.1373","61231149880.5857"
Uzbekistan,"UZB","GDP (current US$)","NY.GDP.MKTP.CD","49765676402.4495","60178909297.208","67517349212.0609","73180036692.3255","80845384375.1236","86196265191.6645","86138288615.1218","62081323299.0324","52633143808.1824","59907674027.4676"
Vanuatu,"VUT","GDP (current US$)","NY.GDP.MKTP.CD","670713208.084552","770153304.153832","747839697.746593","758304466.245339","772315721.265827","730870581.672312","780889605.899977","880043553.748442","914727908.137793","934521604.602009"
"Venezuela, RB","VEN","GDP (current US$)","NY.GDP.MKTP.CD","393192354510.653","316482190800.364","381286237847.667","371005379786.566","482359318767.703","NA","NA","NA","NA","NA"
Vietnam,"VNM","GDP (current US$)","NY.GDP.MKTP.CD","115931749697.241","135539438559.709","155820001920.492","171222025117.381","186204652922.262","193241108709.536","205276172134.901","223779865815.183","245213686369.157","261921244843.172"
Virgin Islands (U.S.),"VIR","GDP (current US$)","NY.GDP.MKTP.CD","4324000000","4223000000","4089000000","3738000000","3565000000","3663000000","3798000000","3794000000","3900000000","4068000000"
West Bank and Gaza,"PSE","GDP (current US$)","NY.GDP.MKTP.CD","9681500000","11186100000","12208400000","13515500000","13989700000","13972400000","15405400000","16128000000","16276600000","17133500000"
"Yemen, Rep.","YEM","GDP (current US$)","NY.GDP.MKTP.CD","30906749533.221","32726417212.348","35401341663.0425","40415235701.9871","43228585321.3272","42445102386.6049","31317365269.4611","26840128755.3648","21606140907.4454","NA"
Zambia,"ZMB","GDP (current US$)","NY.GDP.MKTP.CD","20265559483.8548","23459515275.5776","25503060420.026","28037239462.7142","27141023558.0829","21251216798.7762","20958412538.3093","25873601260.8353","26311590296.7021","23308667781.2258"
Zimbabwe,"ZWE","GDP (current US$)","NY.GDP.MKTP.CD","12041655200","14101920300","17114849900","19091020000","19495519600","19963120600","20548678100","17584890936.6523","18115543790.7855","19284289739.0517"
