,country_name,year,fdi,pol_instability,gni,curr_act_bal
0,Angola,2010,-3227211182.0,-0.22618229999999998,5950.0,7505954235.0
1,Angola,2011,-3023770966.0,-0.36923779999999995,6130.0,13084636207.0
2,Angola,2012,-1464627991.0,-0.3893225,6810.0,13841185161.0
3,Angola,2013,-7120017424.0,-0.3912335,7130.0,8145070112.0
4,Angola,2014,3657514667.0,-0.33323200000000003,7680.0,-3747517596.0
5,Angola,2015,10028215163.0,-0.5008978000000001,6960.0,-10272841903.0
6,Angola,2016,-179517618.9,-0.3158988,6730.0,-3085195463.0
7,Angola,2017,-7397295409.0,-0.380449,6860.0,-632867147.9
8,Angola,2018,-6456076413.0,-0.3356918,6550.0,7402606519.0
9,Angola,2019,-4098478748.0,-0.358525,6370.0,5137394880.0
10,Benin,2010,53507087.74,0.2612601,2350.0,-530854983.7
11,Benin,2011,161302390.8,0.31835640000000004,2410.0,-516838833.5
12,Benin,2012,281548556.3,0.3643676,2480.0,-576935937.9
13,Benin,2013,360343380.3,0.3011894,2650.0,-673366862.3
14,Benin,2014,405737328.6,0.027139799999999995,2820.0,-886093255.8
15,Benin,2015,149755663.3,-0.013513999999999998,2860.0,-679200532.3
16,Benin,2016,131790853.8,-0.0020272000000000003,2980.0,-354241236.0
17,Benin,2017,200902719.3,0.0308955,3010.0,-531029511.4
18,Benin,2018,194073683.2,-0.1411756,3200.0,-648780156.1
19,Benin,2019,218207871.7,-0.41266800000000003,3390.0,-580555691.7
20,Botswana,2010,218379837.6,0.9912098,12680.0,-744133493.8
21,Botswana,2011,293208060.5,1.064447,13940.0,-131913618.1
22,Botswana,2012,146084155.2,1.104041,13390.0,-820817535.5
23,Botswana,2013,67136806.16,1.102347,14070.0,646614169.1
24,Botswana,2014,515184471.0,1.011847,15830.0,1713317042.0
25,Botswana,2015,378554181.5,1.042092,15060.0,301219213.7
26,Botswana,2016,142522598.3,0.99456,15840.0,1202538243.0
27,Botswana,2017,260575129.4,1.022508,15900.0,927062719.5
28,Botswana,2018,285955061.9,0.9709879000000001,16530.0,116921483.4
29,Botswana,2019,93607130.03,1.111055,17120.0,-1396883005.0
30,Burkina Faso,2010,38870701.36,-0.11763710000000001,1460.0,-181624984.1
31,Burkina Faso,2011,143845512.3,-0.5553815,1520.0,-160392828.5
32,Burkina Faso,2012,329281976.0,-0.5731291999999999,1580.0,-162293548.7
33,Burkina Faso,2013,490403410.5,-0.7633901,1640.0,-1345544009.0
34,Burkina Faso,2014,357296974.3,-0.7871286,1620.0,-998954284.1
35,Burkina Faso,2015,231901703.7,-0.6111074000000001,1640.0,-895400077.2
36,Burkina Faso,2016,390622353.4,-0.8673759,1810.0,-780222104.3
37,Burkina Faso,2017,2572690.3219999997,-0.9269773000000001,1970.0,-896284716.2
38,Burkina Faso,2018,268414907.9,-1.059287,2080.0,-664796659.4
39,Burkina Faso,2019,162970140.3,-1.3023870000000002,2180.0,-523837226.3
40,Burundi,2010,780582.0036,-1.625959,660.0,-300982004.2
41,Burundi,2011,3354999.1810000003,-1.8072,680.0,-283583270.3
42,Burundi,2012,604919.6515,-1.704738,690.0,-261157248.5
43,Burundi,2013,116727136.5,-1.350278,740.0,-258429277.2
44,Burundi,2014,81747197.23,-0.7844071,780.0,-395077162.0
45,Burundi,2015,49622865.77,-1.939511,840.0,-373243823.1
46,Burundi,2016,55420.356660000005,-1.970721,800.0,-339695286.8
47,Burundi,2017,316473.4494,-2.007869,770.0,-373388923.3
48,Burundi,2018,983747.125,-1.571772,780.0,-362644693.9
50,Cabo Verde,2010,116200563.6,0.8409728000000001,5440.0,-222769238.2
51,Cabo Verde,2011,102246382.2,0.7226052,5730.0,-304537748.9
52,Cabo Verde,2012,128009964.8,0.8090864000000001,5570.0,-243559056.4
53,Cabo Verde,2013,89297444.0,0.7779999,5590.0,-107358950.8
54,Cabo Verde,2014,180589795.4,0.35077909999999995,5460.0,-168960587.7
55,Cabo Verde,2015,96071472.84,0.8678104,5770.0,-50593257.5
56,Cabo Verde,2016,126312006.1,0.8862155999999999,6100.0,-64135178.53
57,Cabo Verde,2017,111711633.7,0.7746384,6410.0,-139634461.9
58,Cabo Verde,2018,112695606.4,0.8458232,6860.0,-101706160.7
59,Cabo Verde,2019,104091294.1,0.8739425999999999,7320.0,-7565567.151000001
60,Cameroon,2010,536265313.2,-0.7369713999999999,2650.0,-857140093.1
61,Cameroon,2011,653266626.6,-0.661688,2750.0,-749196879.8
62,Cameroon,2012,527363935.6,-0.5885174,2810.0,-955933681.0
63,Cameroon,2013,547404749.8,-0.5322373,2950.0,-1128087432.0
64,Cameroon,2014,725854540.9,-1.059252,3160.0,-1401974732.0
65,Cameroon,2015,694336734.9,-0.9896075000000001,3210.0,-1173691255.0
66,Cameroon,2016,663893595.2,-1.062137,3350.0,-1037444249.0
67,Cameroon,2017,814458940.9,-1.0958430000000001,3490.0,-949763043.4
68,Cameroon,2018,765092012.8,-1.404168,3620.0,-1409334284.0
69,Cameroon,2019,1024779238.0,-1.559217,3720.0,-1695070703.0
90,Comoros,2010,8350406.722,-0.5629393,2250.0,-39335660.75
91,Comoros,2011,23118440.54,-0.5527361,2340.0,-55499670.63
92,Comoros,2012,10375197.46,-0.452308,2510.0,-41138657.38
94,Comoros,2014,4684558.675,-0.1869102,2720.0,-43458200.05
95,Comoros,2015,4936699.51,-0.23279149999999998,2720.0,-2477534.17
96,Comoros,2016,3569823.73,0.0357599,2880.0,-44044054.74
97,Comoros,2017,3919473.025,0.0361181,3050.0,-22971469.91
98,Comoros,2018,5672348.129,-0.3462803,3160.0,-33669717.25
99,Comoros,2019,3677361.421,-0.1546992,3200.0,-37401621.43
100,"Congo, Dem. Rep.",2010,2742300000.0,-2.196742,610.0,-2173500000.0
101,"Congo, Dem. Rep.",2011,1596024304.0,-2.212989,640.0,-1280602281.0
102,"Congo, Dem. Rep.",2012,2891607809.0,-2.085893,630.0,-1260461518.0
103,"Congo, Dem. Rep.",2013,1697585831.0,-2.192191,690.0,-3108803236.0
104,"Congo, Dem. Rep.",2014,1499572152.0,-2.1679209999999998,780.0,-1722614687.0
105,"Congo, Dem. Rep.",2015,1165720010.0,-2.1508540000000003,840.0,-1483759412.0
106,"Congo, Dem. Rep.",2016,932374669.4,-2.2346220000000003,940.0,-1504066909.0
107,"Congo, Dem. Rep.",2017,1047979483.0,-2.302249,1030.0,-1241424116.0
108,"Congo, Dem. Rep.",2018,1407563588.0,-2.1057810000000003,1080.0,-1672321587.0
109,"Congo, Dem. Rep.",2019,1350994226.0,-1.593899,1110.0,-1693232061.0
110,"Congo, Rep.",2010,1520744891.0,-0.31641579999999997,4970.0,900330482.9
111,"Congo, Rep.",2011,298288001.2,-0.3543004,4890.0,2070427333.0
112,"Congo, Rep.",2012,-69253909.37,-0.4896899,5990.0,2421397244.0
113,"Congo, Rep.",2013,1878325499.0,-0.47505010000000003,5930.0,1936401764.0
114,"Congo, Rep.",2014,2887256932.0,-0.3592916,6020.0,678875098.9
115,"Congo, Rep.",2015,4278118365.0,-0.526366,4610.0,-4628709578.0
116,"Congo, Rep.",2016,50574345.34,-0.5192694999999999,3670.0,-3593571061.0
120,Cote d'Ivoire,2010,358468317.3,-1.5838940000000001,2430.0,464985734.7
121,Cote d'Ivoire,2011,301972462.5,-1.405808,2310.0,2666211855.0
122,Cote d'Ivoire,2012,330255520.7,-1.2634610000000002,2540.0,-320534296.1
123,Cote d'Ivoire,2013,407592122.1,-1.048724,2700.0,-632903985.2
124,Cote d'Ivoire,2014,439356961.2,-1.037161,3050.0,510714255.8
125,Cote d'Ivoire,2015,494408755.8,-0.8325459000000001,4550.0,-201372902.1
126,Cote d'Ivoire,2016,577871524.2,-0.9075593000000001,4620.0,-414272956.2
127,Cote d'Ivoire,2017,975014998.8,-1.0902370000000001,4690.0,-1049091689.0
128,Cote d'Ivoire,2018,620330654.4,-0.8986894,4960.0,-2284501507.0
129,Cote d'Ivoire,2019,848881139.4,-1.026046,5290.0,-1348827420.0
150,Eswatini,2010,135660413.7,-0.0760727,7380.0,-388309494.7
151,Eswatini,2011,98708321.72,-0.4797358,7570.0,-281718554.5
152,Eswatini,2012,26480002.33,-0.40769229999999995,7730.0,239938759.3
153,Eswatini,2013,81790158.4,-0.4319111,8330.0,487018321.0
154,Eswatini,2014,25782635.17,-0.5005596999999999,8420.0,512086156.6
155,Eswatini,2015,31498094.37,-0.47615100000000005,8470.0,533323971.0
156,Eswatini,2016,26852077.65,-0.48871679999999995,8240.0,297421435.2
157,Eswatini,2017,-57647593.39,-0.2670258,7840.0,272798389.9
158,Eswatini,2018,31130826.66,-0.3734438,8130.0,60731705.45
159,Eswatini,2019,127970922.0,-0.27455290000000004,8080.0,195651856.9
160,Ethiopia,2010,288271568.3,-1.635101,1020.0,-635273119.7
161,Ethiopia,2011,628624806.0,-1.506964,1130.0,-1055616929.0
162,Ethiopia,2012,278562822.2,-1.564271,1210.0,-3077984123.0
163,Ethiopia,2013,1343876024.0,-1.4073069999999999,1280.0,-3033415076.0
164,Ethiopia,2014,1855052154.0,-1.339387,1510.0,-5771532765.0
165,Ethiopia,2015,2626517918.0,-1.4981870000000002,1650.0,-7566576583.0
166,Ethiopia,2016,4142937496.0,-1.619813,1870.0,-7905485193.0
167,Ethiopia,2017,4017159565.0,-1.679859,2010.0,-5928627607.0
168,Ethiopia,2018,3360419369.0,-1.279617,2140.0,-4611293723.0
170,Gabon,2010,523939106.2,0.29927919999999997,12890.0,2453186896.0
171,Gabon,2011,1123536919.0,0.38489090000000004,13490.0,2604448146.0
172,Gabon,2012,677327365.5,0.29329140000000004,13820.0,1977634349.0
173,Gabon,2013,324032442.4,0.3301027,13650.0,1462632469.0
174,Gabon,2014,1263109047.0,0.14954279999999998,14570.0,1112065881.0
175,Gabon,2015,41707702.33,0.021187,13480.0,140995975.0
180,"Gambia, The",2010,37140887.81,0.06541699999999999,2390.0,17499603.55
181,"Gambia, The",2011,36077136.08,-0.0002706,2170.0,-108142561.9
182,"Gambia, The",2012,41183457.77,-0.0007788,2150.0,-92782872.8
183,"Gambia, The",2013,68340322.38,-0.0486364,2080.0,-97109176.63
184,"Gambia, The",2014,23014092.04,-0.1514007,1980.0,-84557301.95
185,"Gambia, The",2015,71976051.7,0.0195886,2020.0,-99173808.7
186,"Gambia, The",2016,69830172.21,-0.4344123,2030.0,-95603266.26
187,"Gambia, The",2017,64338516.04,-0.08401289999999999,2030.0,-110827141.7
188,"Gambia, The",2018,81805006.6,-0.074431,2170.0,-78645905.2
190,Ghana,2010,2527350000.0,0.0260932,2920.0,-2747340000.0
191,Ghana,2011,3247588000.0,0.1671121,3270.0,-3541315695.0
192,Ghana,2012,3294520000.0,0.130695,3590.0,-4911713679.0
193,Ghana,2013,3227000000.0,0.0606061,5150.0,-5704034550.0
194,Ghana,2014,3363389444.0,-0.10680799999999999,5280.0,-3694575338.0
195,Ghana,2015,3192320531.0,-0.0320993,5050.0,-2823640338.0
196,Ghana,2016,3485333369.0,-0.1309286,4800.0,-2832047271.0
197,Ghana,2017,3254990000.0,0.0918345,4860.0,-2002640000.0
198,Ghana,2018,2989035000.0,-0.0255168,5220.0,-2044594273.0
199,Ghana,2019,3879831470.0,0.1344119,5480.0,-1863971933.0
200,Guinea,2010,101350000.0,-1.687079,1640.0,-326890000.0
201,Guinea,2011,956060000.0,-1.3880540000000001,1710.0,-1161380000.0
202,Guinea,2012,605560000.0,-1.287012,1770.0,-1038620000.0
203,Guinea,2013,190000.0,-1.229852,1720.0,-1189770000.0
204,Guinea,2014,-73758603.66,-0.9552428,1750.0,-981676723.9
205,Guinea,2015,53272458.42,-0.3869883,1790.0,-1020197641.0
206,Guinea,2016,1618447260.0,-0.3938748,2040.0,-2744932548.0
207,Guinea,2017,577590000.0,-0.7009969,2410.0,519350000.0
208,Guinea,2018,352760000.0,-0.8840863999999999,2470.0,-190470000.0
209,Guinea,2019,44400000.0,-0.8432462,2540.0,-314620000.0
210,Guinea-Bissau,2010,26240200.0,-0.6909543,1330.0,-70790428.79
211,Guinea-Bissau,2011,25024047.39,-0.753626,1450.0,-14050574.52
212,Guinea-Bissau,2012,6624917.193,-0.9652959000000001,1360.0,-83241961.12
213,Guinea-Bissau,2013,19639703.8,-0.8999275999999999,1340.0,-52508821.22
214,Guinea-Bissau,2014,28852727.69,-0.7064517,1430.0,6310286.495
215,Guinea-Bissau,2015,18575499.45,-0.5182164,1640.0,20941855.29
216,Guinea-Bissau,2016,14221700.0,-0.44269390000000003,1790.0,10056270.0
217,Guinea-Bissau,2017,15691197.95,-0.4986393,1930.0,3879055.917
218,Guinea-Bissau,2018,20563818.22,-0.6855602,1880.0,-54134326.62
219,Guinea-Bissau,2019,71658680.34,-0.5580111,2060.0,-127409979.2
220,Kenya,2010,178064198.6,-1.165524,2300.0,-2368666520.0
221,Kenya,2011,1450460112.0,-1.244791,2440.0,-3819265449.0
222,Kenya,2012,1380167160.0,-1.323441,2520.0,-4216125399.0
223,Kenya,2013,1118819097.0,-1.166931,2740.0,-4842121338.0
224,Kenya,2014,820934459.3,-1.282247,2980.0,-6377902130.0
225,Kenya,2015,619719962.3,-1.244406,3320.0,-4420779165.0
226,Kenya,2016,678803417.0,-1.354791,3580.0,-4034814087.0
227,Kenya,2017,1266137283.0,-1.1319219999999999,3970.0,-5687486284.0
228,Kenya,2018,1625921131.0,-1.184091,4230.0,-5047669613.0
229,Kenya,2019,1332436904.0,-1.101751,4420.0,-5559231017.0
230,Lesotho,2010,9512771.55,0.4567754,2770.0,-158319246.9
231,Lesotho,2011,61173319.21,0.38394079999999997,2740.0,-210838128.9
232,Lesotho,2012,56653435.23,0.2741991,2700.0,-377094095.0
233,Lesotho,2013,50429031.34,0.3380743,2940.0,-167685028.4
234,Lesotho,2014,94459059.36,-0.332812,3120.0,-122512645.7
235,Lesotho,2015,206514459.9,-0.3084288,3440.0,-77639214.66
236,Lesotho,2016,79234548.91,-0.23646520000000001,3400.0,-172096336.2
237,Lesotho,2017,42168784.11,-0.1866985,3030.0,-144930645.5
238,Lesotho,2018,40874071.93,-0.1785933,3050.0,-59909792.54
239,Lesotho,2019,35732593.41,-0.4215104,3060.0,-99923603.88
240,Liberia,2010,2064680994.0,-0.4685253,930.0,-853418361.4
241,Liberia,2011,2086006933.0,-0.4273702999999999,1040.0,-1258598622.0
242,Liberia,2012,2309981241.0,-0.48447650000000003,1060.0,-1674844201.0
243,Liberia,2013,1998675366.0,-0.4755071,1210.0,-1042787198.0
244,Liberia,2014,501870828.6,-0.6154496,1240.0,-642544587.9
245,Liberia,2015,232679832.5,-0.8180257,1180.0,171113280.7
246,Liberia,2016,311699760.3,-0.43740779999999996,1260.0,-276040465.4
247,Liberia,2017,247842983.0,-0.33308499999999996,1380.0,-565563643.6
248,Liberia,2018,129129754.8,-0.2117113,1330.0,-674092298.9
249,Liberia,2019,86681700.46,-0.3314337,1320.0,-653403371.8
250,Madagascar,2010,912287179.8,-0.9783388000000001,1510.0,-893306535.0
251,Madagascar,2011,815534454.5,-0.7055859,1530.0,-777177676.5
252,Madagascar,2012,814789934.7,-0.536137,1490.0,-864105350.5
253,Madagascar,2013,565848886.0,-0.6599934000000001,1490.0,-808214219.1
254,Madagascar,2014,372872463.3,-0.5572358000000001,1520.0,-81289492.76
255,Madagascar,2015,328059305.6,-0.4273629,1500.0,-255834414.7
256,Madagascar,2016,540842779.8,-0.2900946,1550.0,44804653.58
257,Madagascar,2017,464856589.6,-0.3012818,1540.0,-30119708.81
258,Madagascar,2018,612036371.4,-0.5794187,1600.0,98048614.28
259,Madagascar,2019,474311425.4,-0.3206965,1620.0,-330509080.3
260,Malawi,2010,97010558.69,0.043895800000000006,1010.0,-969288544.3
261,Malawi,2011,812751769.8,-0.0729127,1050.0,-1136709794.0
262,Malawi,2012,-8885976.219,-0.0026861999999999997,1010.0,-744667770.1
263,Malawi,2013,451362406.6,-0.2058098,1080.0,-1236186788.0
264,Malawi,2014,598086538.1,0.0810932,1050.0,-1128536961.0
265,Malawi,2015,287746689.2,0.031896100000000004,980.0,-1064422990.0
266,Malawi,2016,115700000.0,-0.1134786,1020.0,-1005613301.0
267,Malawi,2017,90200000.0,-0.251164,1420.0,-1537430582.0
268,Malawi,2018,101464222.0,-0.4323802,1480.0,-1618122467.0
269,Malawi,2019,98422743.26,-0.2801754,1550.0,-1837411039.0
270,Mali,2010,371569832.6,-0.1828992,1720.0,-1189940123.0
271,Mali,2011,556147161.6,-0.7083797,1760.0,-656427725.5
272,Mali,2012,397865237.2,-2.034329,1700.0,-272666897.0
273,Mali,2013,307853389.3,-1.722162,1750.0,-374684774.4
274,Mali,2014,144023010.6,-1.713989,1860.0,-675835486.1
275,Mali,2015,275414753.0,-1.685664,1990.0,-697424418.8
276,Mali,2016,356234602.7,-1.617233,2130.0,-1015148560.0
277,Mali,2017,559362392.1,-1.9069009999999997,2170.0,-1209922735.0
278,Mali,2018,467067198.1,-2.088723,2270.0,-835846583.6
282,Mauritania,2012,1386098851.0,-1.133992,4140.0,-1226092286.0
283,Mauritania,2013,1126004760.0,-1.014761,4350.0,-1261758969.0
284,Mauritania,2014,502589833.8,-0.5895083999999999,4130.0,-1473118227.0
285,Mauritania,2015,501726765.7,-0.6378012,4080.0,-955946938.1
286,Mauritania,2016,271134845.0,-0.7469677,4610.0,-706785516.3
287,Mauritania,2017,588217194.8,-0.6269363,5000.0,-709000689.8
288,Mauritania,2018,772890477.2,-0.6292259,5140.0,-972886440.0
289,Mauritania,2019,-883561115.8,-0.5687606,5350.0,-831106401.9
290,Mauritius,2010,429941788.7,0.6402588,15560.0,-1005773529.0
291,Mauritius,2011,433331010.9,0.9464994000000001,16340.0,-1560299125.0
292,Mauritius,2012,589018302.8,0.9713124,17570.0,-827512079.1
293,Mauritius,2013,293369157.1,0.9448017,19240.0,-750275471.4
294,Mauritius,2014,455562151.8,0.6679659,19920.0,-690030757.3
295,Mauritius,2015,216455188.3,0.9986154,20860.0,-416984417.4
296,Mauritius,2016,378764432.3,1.013187,22390.0,-491351517.4
297,Mauritius,2017,479995890.3,0.9711304000000001,23540.0,-612227401.3
298,Mauritius,2018,371518185.9,0.8687,25460.0,-555392977.6
299,Mauritius,2019,472302807.1,0.8092755,26790.0,-756265499.8
300,Mozambique,2010,1258453097.0,0.3944219,930.0,-1679440917.0
301,Mozambique,2011,3663937118.0,0.33204829999999996,1000.0,-3328861901.0
302,Mozambique,2012,5635092659.0,0.3904937,1030.0,-6789977472.0
303,Mozambique,2013,6697422432.0,-0.2269665,1080.0,-6253446234.0
304,Mozambique,2014,4998799334.0,-0.3360027,1130.0,-5797145543.0
305,Mozambique,2015,3868353885.0,-0.5138951,1270.0,-5967850296.0
306,Mozambique,2016,3128149929.0,-1.094005,1330.0,-3845999938.0
307,Mozambique,2017,2319071971.0,-0.9286562,1250.0,-2585545862.0
308,Mozambique,2018,2678190544.0,-0.8245640999999999,1290.0,-4500762108.0
309,Mozambique,2019,2180768236.0,-0.749242,1310.0,-3022347155.0
310,Namibia,2010,287528974.4,0.8469399999999999,8060.0,-438555939.8
311,Namibia,2011,803600584.6,0.9116575000000001,8590.0,-838672355.1
312,Namibia,2012,1041555413.0,0.9781042999999999,8970.0,-1099971078.0
313,Namibia,2013,777073646.4,0.95881,9710.0,-976649001.6
314,Namibia,2014,445582247.9,0.6087406,10410.0,-1154654063.0
315,Namibia,2015,838879062.7,0.7331128,10620.0,-1540010844.0
316,Namibia,2016,358727049.6,0.7100897,10220.0,-1750509508.0
317,Namibia,2017,280476975.0,0.6283516,9990.0,-547854752.8
318,Namibia,2018,234372724.5,0.6915024000000001,10020.0,-465629192.5
319,Namibia,2019,-176478261.6,0.5296495,10010.0,-215838429.4
320,Niger,2010,796636157.9,-1.1607450000000001,1120.0,-1137080688.0
321,Niger,2011,1067186136.0,-0.8780045,1140.0,-1432933622.0
322,Niger,2012,841227436.9,-1.148131,1200.0,-1021630309.0
323,Niger,2013,719338470.5,-1.321799,1170.0,-1150600188.0
324,Niger,2014,822967023.3,-1.17584,1190.0,-1306931079.0
325,Niger,2015,529476871.1,-1.066546,1200.0,-1486216431.0
326,Niger,2016,301332480.6,-1.103307,1190.0,-1181659914.0
327,Niger,2017,338710710.1,-1.265764,1210.0,-1274368826.0
328,Niger,2018,466042273.0,-1.364558,1280.0,-1625023612.0
329,Niger,2019,717147639.4,-1.410087,1330.0,-1572440250.0
330,Nigeria,2010,6026253091.0,-2.211123,4450.0,13111276866.0
331,Nigeria,2011,8841062051.0,-1.9564549999999998,4650.0,10668377374.0
332,Nigeria,2012,7069908428.0,-2.042074,4740.0,17374274675.0
333,Nigeria,2013,5562857987.0,-2.088478,4970.0,19048981238.0
334,Nigeria,2014,4693828632.0,-2.130276,5320.0,906535877.2
335,Nigeria,2015,3064168904.0,-1.925443,5280.0,-15438642534.0
336,Nigeria,2016,3453258408.0,-1.8777099999999998,5120.0,5077217476.0
337,Nigeria,2017,2412974916.0,-1.999155,5030.0,12689340193.0
338,Nigeria,2018,775247400.0,-2.101823,5040.0,6260574934.0
339,Nigeria,2019,2305099812.0,-1.9201830000000002,5180.0,-14627014405.0
340,Rwanda,2010,216192556.8,-0.27209390000000006,1340.0,-399142437.7
341,Rwanda,2011,112127535.8,-0.1771178,1440.0,-477010513.8
342,Rwanda,2012,269615550.4,-0.2306152,1470.0,-741015960.7
343,Rwanda,2013,233763793.6,-0.11095160000000001,1520.0,-585105607.7
344,Rwanda,2014,313997162.8,-0.3134696,1670.0,-934619500.8
345,Rwanda,2015,162083821.0,0.0132411,1770.0,-1083671486.0
346,Rwanda,2016,279747327.6,-0.054899300000000005,1830.0,-1330822365.0
347,Rwanda,2017,274025990.7,0.0880958,1910.0,-861510448.5
348,Rwanda,2018,366192315.5,0.1104013,2060.0,-978437757.8
349,Rwanda,2019,384461863.6,0.0642397,2240.0,-1253742221.0
350,Sao Tome and Principe,2010,50600000.0,0.11544289999999999,2890.0,-87575752.58
351,Sao Tome and Principe,2011,32152348.55,0.007826399999999999,3010.0,-105761604.5
352,Sao Tome and Principe,2012,22471527.03,0.013335399999999999,2900.0,-98870179.65
353,Sao Tome and Principe,2013,12162344.82,0.11184069999999999,3350.0,-81260661.02
354,Sao Tome and Principe,2014,26489982.13,0.18418299999999999,3880.0,-103936467.6
355,Sao Tome and Principe,2015,27924059.14,0.14404260000000002,3820.0,-68693728.21
356,Sao Tome and Principe,2016,23331087.12,0.2232869,3900.0,-61493955.3
357,Sao Tome and Principe,2017,34208489.03,0.1860471,3940.0,-73144971.77
358,Sao Tome and Principe,2018,23698321.49,0.522385,4090.0,-75131185.11
359,Sao Tome and Principe,2019,24191799.51,0.5139100000000001,4160.0,-90025980.22
360,Senegal,2010,272092888.5,-0.417925,2630.0,-589477328.8
361,Senegal,2011,338661995.6,-0.28060219999999997,2630.0,-1148183911.0
362,Senegal,2012,276159533.0,-0.108322,2690.0,-1528004123.0
363,Senegal,2013,311366768.8,-0.06072280000000001,2700.0,-1549868805.0
364,Senegal,2014,403098056.4,-0.1982231,2780.0,-1346796310.0
365,Senegal,2015,409166125.8,-0.11666480000000001,2910.0,-944941214.6
366,Senegal,2016,472409799.8,-0.21825529999999999,3000.0,-795648215.3
367,Senegal,2017,588292998.0,-0.05053680000000001,3110.0,-1526269729.0
368,Senegal,2018,847841574.8,-0.101474,3300.0,-2215256001.0
370,Seychelles,2010,159795375.0,0.8567662,18350.0,-214390209.2
371,Seychelles,2011,143240665.1,0.9377540999999999,19500.0,-301284994.9
372,Seychelles,2012,613208776.3,0.7442663,20350.0,-161313271.0
373,Seychelles,2013,57289065.62,0.8255889000000001,21200.0,-158609330.7
374,Seychelles,2014,108355443.1,0.3616324,22430.0,-310403746.2
375,Seychelles,2015,105893597.2,0.6887798,22610.0,-256181312.9
376,Seychelles,2016,40854189.7,0.7330045000000001,23720.0,-285588981.7
377,Seychelles,2017,124465535.7,0.7933625,25220.0,-295050294.8
378,Seychelles,2018,307664653.8,0.6875581000000001,26680.0,-282949989.1
379,Seychelles,2019,253880560.1,0.6827319000000001,27630.0,-271636873.0
380,Sierra Leone,2010,238404209.3,-0.23664539999999998,1150.0,-585297612.8
381,Sierra Leone,2011,950477791.4,-0.16844489999999998,1190.0,-1913506550.0
382,Sierra Leone,2012,722447405.1,-0.2799453,1450.0,-1210212775.0
383,Sierra Leone,2013,429664580.1,-0.1747183,1740.0,-737095481.8
384,Sierra Leone,2014,375089628.5,-0.1040397,1750.0,-472729593.3
385,Sierra Leone,2015,252435829.4,-0.1025168,1570.0,-1003078053.0
386,Sierra Leone,2016,138509469.3,-0.1599265,1420.0,-363295427.3
387,Sierra Leone,2017,413724476.1,-0.035861199999999996,1590.0,-809110165.5
388,Sierra Leone,2018,250446053.5,-0.0852979,1580.0,-761712554.1
389,Sierra Leone,2019,342447726.8,-0.0528448,1770.0,-915430405.1
400,South Africa,2010,3693271715.0,-0.029427,11470.0,-5492240011.0
401,South Africa,2011,4139289123.0,0.024031599999999997,11860.0,-9318829767.0
402,South Africa,2012,4626029122.0,-0.0253867,11730.0,-20314943543.0
403,South Africa,2013,8232518816.0,-0.0462945,12120.0,-21280021810.0
404,South Africa,2014,5791659020.0,-0.14638900000000002,12190.0,-17824025801.0
405,South Africa,2015,1521139945.0,-0.2129929,12240.0,-14567849818.0
406,South Africa,2016,2215307020.0,-0.141504,12240.0,-8353383341.0
407,South Africa,2017,2058579911.0,-0.2775617,12320.0,-8912928944.0
408,South Africa,2018,5569462350.0,-0.22777929999999996,12520.0,-13384035621.0
409,South Africa,2019,5116098443.0,-0.26767040000000003,12640.0,-10666816282.0
414,South Sudan,2014,1035825.73,-2.646577,1280.0,-790185244.8
415,South Sudan,2015,150000.0,-2.375689,1080.0,-500190000.0
420,Sudan,2010,2063730998.0,-2.665278,3260.0,-1725368702.0
421,Sudan,2011,1734376994.0,-2.5229169999999996,3430.0,-2652932020.0
422,Sudan,2012,2311460740.0,-2.2605630000000003,3590.0,-6259061245.0
423,Sudan,2013,1687884179.0,-2.1930099999999997,3510.0,-5822074153.0
424,Sudan,2014,1251280889.0,-2.363085,4450.0,-3545466635.0
425,Sudan,2015,1728373403.0,-2.162183,4320.0,-5460760074.0
426,Sudan,2016,1063767535.0,-2.337218,4460.0,-4213356633.0
427,Sudan,2017,1065298481.0,-1.97747,4270.0,-4611258528.0
428,Sudan,2018,1135787164.0,-1.823437,4360.0,-4678501890.0
429,Sudan,2019,825354992.3,-1.701787,4140.0,-5215013936.0
430,Tanzania,2010,1813200000.0,0.014471600000000001,2050.0,-2210780020.0
431,Tanzania,2011,1229361018.0,-0.024133500000000002,2190.0,-4380951348.0
432,Tanzania,2012,1799646137.0,0.0514543,2070.0,-3764335915.0
433,Tanzania,2013,2087261310.0,-0.16212079999999998,2160.0,-4987954732.0
434,Tanzania,2014,1416088065.0,-0.5971185999999999,2210.0,-5061997449.0
435,Tanzania,2015,1506024896.0,-0.4161943,2300.0,-4477418358.0
436,Tanzania,2016,864040000.0,-0.4409948,2420.0,-2739302454.0
437,Tanzania,2017,940523072.2,-0.5619287,2470.0,-2127811780.0
438,Tanzania,2018,971576866.0,-0.5709350000000001,2620.0,-1897834240.0
439,Tanzania,2019,990626173.7,-0.37352420000000003,2810.0,-1301335734.0
440,Togo,2010,125064101.8,-0.1793484,1140.0,-199902525.5
441,Togo,2011,728710878.4,-0.16259849999999998,1280.0,-302102822.7
442,Togo,2012,121511565.6,-0.3864578,1230.0,-294119033.9
443,Togo,2013,183599249.0,-0.3537108,1280.0,-568417939.7
444,Togo,2014,54020342.35,-0.1671269,1340.0,-458469871.8
445,Togo,2015,257860036.5,-0.23134810000000003,1440.0,-461024604.6
446,Togo,2016,-46308331.62,-0.1723536,1970.0,-436626626.2
447,Togo,2017,88558699.5,-0.882036,2010.0,-96643295.47
448,Togo,2018,-180972714.8,-0.8939125,2120.0,-184851586.4
449,Togo,2019,345697547.0,-0.9195643,2220.0,-55443572.95
450,Uganda,2010,543872727.3,-1.000558,2050.0,-1609773704.0
451,Uganda,2011,894293858.0,-0.9761018,2220.0,-2087253428.0
452,Uganda,2012,1205388488.0,-0.8689665000000001,1970.0,-1655592193.0
453,Uganda,2013,1096000000.0,-0.8386906,1970.0,-1843069690.0
454,Uganda,2014,1058564540.0,-0.9411261999999999,2040.0,-2165987727.0
455,Uganda,2015,737652140.2,-0.8045017,2090.0,-1671266704.0
456,Uganda,2016,625704361.9,-0.7153227,2050.0,-833456191.3
457,Uganda,2017,802704141.0,-0.5716293,2030.0,-1487546203.0
458,Uganda,2018,1055353353.0,-0.7025623000000001,2110.0,-2302195985.0
459,Uganda,2019,1266026788.0,-0.6912174,2220.0,-2332588662.0
460,Zambia,2010,1729300000.0,0.5153514,2970.0,1525082952.0
461,Zambia,2011,1108500000.0,0.5097738,3160.0,1092799717.0
462,Zambia,2012,1731500000.0,0.6609625,3360.0,1371805759.0
463,Zambia,2013,2099800000.0,0.43593329999999997,3430.0,-161482093.0
464,Zambia,2014,1507800000.0,0.156212,3470.0,-387327907.9
465,Zambia,2015,1582666667.0,0.1516949,3360.0,-767651771.0
466,Zambia,2016,662813935.4,0.142808,3300.0,-953961606.2
467,Zambia,2017,1107519805.0,0.1462433,3330.0,-435005245.0
468,Zambia,2018,408438491.7,0.0856044,3550.0,-342356590.8
469,Zambia,2019,547967909.6,-0.1138469,3560.0,140712285.0
470,Zimbabwe,2010,122586666.7,-1.104014,1610.0,-1443703079.0
471,Zimbabwe,2011,344300000.0,-0.9453285,1800.0,-2431843954.0
472,Zimbabwe,2012,349850000.0,-0.778662,2070.0,-1835948579.0
473,Zimbabwe,2013,373050000.0,-0.6659498,2310.0,-2525719286.0
474,Zimbabwe,2014,472800000.0,-0.7135701999999999,2360.0,-2405181923.0
475,Zimbabwe,2015,399200000.0,-0.6181563,2410.0,-1678451261.0
476,Zimbabwe,2016,343013813.4,-0.6199379,2560.0,-717965218.4
477,Zimbabwe,2017,247187738.8,-0.7087693,3210.0,-307810928.1
